Close,High,Low,Open,Volume,Daily Return,Rolling_Volatility_30,MA30,MA100,Year,Month
AAPL,AAPL,AAPL,AAPL,AAPL,,,,,,
72.33384704589844,72.39405500792273,71.0911538277646,71.34402432842471,135480400,,,,,2020,1
71.63065338134766,72.38927264137095,71.40668140593664,71.56322072155912,146322800,-0.009721502357044276,,,,2020,1
72.20140838623047,72.23994237629597,70.50354624985978,70.75401351048198,118387200,0.00796802734500024,,,,2020,1
71.86185455322266,72.46633779595872,71.6426965801033,72.21105649751387,108872000,-0.004702869938373211,,,,2020,1
73.01783752441406,73.31887745373415,71.56562119935828,71.56562119935828,132079200,0.016086183391429865,,,,2020,1
74.56880187988281,74.76146451044018,73.74275001069596,73.99320996049889,170108400,0.02124089685551378,,,,2020,1
74.73738098144531,75.3009342510977,74.23645372460896,74.80241031619431,140644800,0.002260718924169458,,,,2020,1
76.33409881591797,76.36059415429726,74.93486566437117,75.05287832688332,121532000,0.0213643803610013,,,,2020,1
75.3033447265625,76.48101668324267,75.18052540962947,76.27149402827726,161954400,-0.013503193269382319,,,,2020,1
74.98060607910156,75.98246770801262,74.54951490172726,75.10343270524221,121923600,-0.004285847443202595,,,,2020,1
75.91985321044922,76.03064118697364,75.16123412136378,75.52248200660513,108829200,0.01252653426616468,,,,2020,1
76.76036071777344,76.7627640392473,75.86205500785368,76.16790890123319,137816400,0.011070984357600677,,,,2020,1
76.24017333984375,76.8302072165908,76.10289736234121,76.38948797518701,110843200,-0.006776770888848094,,,,2020,1
76.5123062133789,77.06380603496487,76.4183782339569,76.72423213565071,101832400,0.0035694157242023294,,,,2020,1
76.88076782226562,76.96023911310208,76.01858552983758,76.56527863051073,104472000,0.004815716936555914,,,,2020,1
76.65921020507812,77.86818383448923,76.46895092458591,77.12642473209515,146537600,-0.0028818340849521284,,,,2020,1
74.4050064086914,75.08414667112925,73.42481897034624,74.67232624663728,161940000,-0.02940551814134651,,,,2020,1
76.50989532470703,76.68088393464757,75.18531972883665,75.28406170066347,162234000,0.028289614067821045,,,,2020,1
78.1114273071289,78.95674973344263,77.39856685210137,78.13792264122904,216229200,0.020932350980549463,,,,2020,1
77.99822998046875,78.05121329496869,76.76517176985938,77.19626294921763,126743200,-0.001449177547544589,,,,2020,1
74.53987884521484,77.71163064497078,74.24606365244907,77.29017484753824,199588400,-0.044338841229088155,,,,2020,1
74.33519744873047,75.49841264105945,72.7842389592195,73.28516622775322,173788400,-0.002745931435029658,,,,2020,2
76.78924560546875,76.97950484657014,75.53210291102174,75.93669870128832,136616400,0.03301327286351596,,,,2020,2
77.4154281616211,78.21258127557842,76.81334832632962,77.91394467954083,118826800,0.008154560592632532,,,,2020,2
78.32093048095703,78.32334115153373,77.12881713275685,77.68513816517135,105425600,0.0116966648746748,,,,2020,2
77.2563705444336,78.06989925267796,76.76632167871378,77.82125391424971,117684000,-0.013592278973016958,,,,2020,2
77.62332153320312,77.62332153320312,75.76451830766848,75.84417825098375,109348800,0.004749782913481271,,,,2020,2
77.15496063232422,78.19058359645562,76.93769897957516,78.11816550122239,94323200,-0.006033765260593293,,,,2020,2
78.98722839355469,78.9920538114317,77.60398368209574,77.60398368209574,113730400,0.023747893151834898,,,,2020,2
78.42474365234375,78.75063980830953,78.05781303227035,78.2605910618148,94747600,-0.00712121127238885,,75.793812306722,,2020,2
78.44406127929688,78.69270656111114,77.93711251400148,78.3933612458328,80113600,0.00024632056228024446,0.262181984526088,75.99748611450195,,2020,2
77.00772094726562,77.18877358272158,75.94795598487916,76.12900862033511,152531200,-0.018310376956608865,0.26689691548597827,76.17672170003256,,2020,2
78.12300872802734,78.35234502696264,77.24912913343354,77.24912913343354,93984000,0.014482804672604876,0.268707270626161,76.37410837809244,,2020,2
77.32154846191406,78.37165530100644,76.81701596336808,77.8840228178166,100566000,-0.010258952889326545,0.27052632826744344,76.55609817504883,,2020,2
75.57138061523438,77.3577728316972,74.9558044913532,76.91600019658557,129554000,-0.02263493012613116,0.276935235704052,76.64121627807617,,2020,2
71.98171997070312,73.43014149606624,69.82116228226818,71.75963279569704,222195200,-0.04750026551463604,0.30423039747632397,76.55498021443685,,2020,2
69.54352569580078,73.03180965186876,69.07279323243056,72.6503953158895,230673600,-0.033872409215766175,0.31855500087252236,76.38185170491536,,2020,2
70.646728515625,71.90927139616765,69.16209855410392,69.16934036398257,198054800,0.015863487057729664,0.3154021448994405,76.1922726949056,,2020,2
66.02867126464844,69.0413890764873,65.89348591735909,67.85851360418104,320605600,-0.06536831001247545,0.36345025973150025,75.8831169128418,,2020,2
65.99007415771484,67.20916656577968,61.88862999768775,62.10348270400579,426510000,-0.0005845507140207484,0.36359332676448164,75.58343251546223,,2020,2
72.13375854492188,72.76865074645058,67.04256107502337,68.14336012975559,341397200,0.09310012855151162,0.4581078927655936,75.45722935994466,,2020,3
69.84285736083984,73.38665871766685,68.99311238709194,73.3069988099028,319475600,-0.031759071345982215,0.4648225071078045,75.22664591471354,,2020,3
73.0824966430664,73.24182384454771,70.76261243598904,71.56165746891385,219178400,0.046384689925973666,0.48586306676161867,75.12139002482097,,2020,3
70.71192169189453,72.31242082695749,70.34740002247567,71.33956494467967,187572800,-0.03243697273712087,0.494083601041491,74.92804387410482,,2020,3
69.77287292480469,70.20498737405435,67.889928042293,68.07580613740882,226176800,-0.013279921470405798,0.4946465729194265,74.69111404418945,,2020,3
64.2543716430664,67.13189718407227,63.489119320777824,63.670171942415024,286744800,-0.07909236140649756,0.541866400021779,74.27761942545573,,2020,3
68.88207244873047,69.14761776690831,65.02685833500999,66.9025682079639,285290000,0.07202157125387476,0.5809900750928061,74.09352162679036,,2020,3
66.48975372314453,67.88748182990133,65.62794159632746,66.96290981260235,255598800,-0.03473064384592317,0.5812228161752158,73.75951690673828,,2020,3
59.92359161376953,65.17894700154001,59.86806983845157,61.784814276675704,418474000,-0.09875449586887808,0.6373685255754616,73.15325571695963,,2020,3
67.10292053222656,67.57366022928257,61.06300489011421,63.94536649521935,370732000,0.11980805430907004,0.7372786522324606,72.79007873535156,,2020,3
58.47035217285156,62.54282496971143,57.9368487366503,58.40758489593045,322423600,-0.1286466861785719,0.8138993224371676,72.25442784627279,,2020,3
61.04128646850586,62.1879493594709,57.550590391518064,59.74977632698614,324056000,0.043969878752466496,0.8270675076135613,71.8112974802653,,2020,3
59.546993255615234,60.350867249400196,57.241589389983226,57.88131079294163,300233600,-0.02448004128585335,0.8207311630515027,71.23655573527019,,2020,3
59.09075164794922,61.03646337436918,58.56690646649194,59.72081496454535,271857200,-0.007661874810496738,0.8194489279794869,70.62573318481445,,2020,3
55.3393440246582,60.79264863512061,55.04000233501268,59.67012006159394,401693200,-0.06348552893084092,0.8328708733024895,69.85968030293783,,2020,3
54.1636962890625,55.1606938155284,51.3247927605554,55.059304798459365,336752800,-0.021244338116329198,0.833438833500988,69.08992449442546,,2020,3
59.597694396972656,59.79323063321941,56.56083807077307,57.05812866753022,287531200,0.10032546669100695,0.8925049532938943,68.4890702565511,,2020,3
59.269386291503906,62.34245170831376,58.97487373705756,60.53192552123785,303602000,-0.0055087383629630615,0.8925124346042949,67.89288444519043,,2020,3
62.388336181640625,62.44627067816228,59.472180756044146,59.51080620940923,252087200,0.05262328640956104,0.9050558307967844,67.33958803812662,,2020,3
59.80530548095703,61.767913466106,59.638736473627105,61.01473571142301,204216800,-0.04140246172238393,0.9107737166426375,66.7189400990804,,2020,3
61.512027740478516,61.68342585318123,60.206033868463194,60.529517371062305,167976400,0.028537974111091824,0.916512386771163,66.15453898111979,,2020,3
61.386497497558594,63.366005560924876,60.833685075362965,61.70273919270683,197002000,-0.0020407430470271715,0.9158976966961236,65.63383153279622,,2020,3
58.156517028808594,60.041877740721404,57.726819101176545,59.50596168562525,176218400,-0.05261711614803333,0.9235231447222338,64.96828180948893,,2020,4
59.126949310302734,59.18005836764035,57.18847976805371,58.018908282578614,165934000,0.016686561215717655,0.9262881970145834,64.36179517110189,,2020,4
58.2772216796875,59.31284110700112,57.68819653151743,58.61277240805976,129880000,-0.014371240872851354,0.9254054511941052,63.78532320658366,,2020,4
63.36118698120117,63.515681414819454,60.20121554945302,60.568146275466354,201820400,0.0872376059630462,0.9560314293858916,63.497972106933595,,2020,4
62.627315521240234,65.58934152567265,62.52351377225885,65.37207245676143,202887200,-0.011582350251403417,0.9518474261712583,63.267431767781574,,2020,4
64.23023223876953,64.54405384793799,63.06184016051964,63.42635444288139,168895200,0.025594530185245823,0.953827895509907,63.05354855855306,,2020,4
64.69371795654297,65.19584133375365,63.899505790640596,64.86511973614601,161834800,0.007216005635017453,0.9345485350635914,63.009050114949545,,2020,4
65.96350860595703,66.07214313145124,64.17229133387406,64.77097468626023,131022800,0.019627727227967018,0.9360865797122327,63.00816459655762,,2020,4
69.29487609863281,69.58456326372355,67.12224446160415,67.59298426311395,194994800,0.05050318824876654,0.9076409802871014,62.91353518168132,,2020,4
68.66236877441406,69.12103377089443,67.74503878145335,68.17232015652947,131154400,-0.009127764703965258,0.9030645009598604,62.87418556213379,,2020,4
69.20799255371094,69.57251431493546,68.1603019063984,69.37456161234648,157125200,0.007946474743530718,0.8930956132482746,62.74503542582194,,2020,4
68.2688980102539,69.27072829912615,66.83496081662895,68.72515410233876,215250000,-0.013569163167508669,0.8888560994432897,62.663601303100585,,2020,4
66.85186767578125,67.99853426971617,66.83255863780644,67.09810395402242,130015200,-0.020756601846126488,0.8901156160972203,62.56623446146647,,2020,4
64.78545379638672,66.92911797835283,64.07572694243713,66.69495629705587,180991600,-0.03091033880184535,0.8634190219447984,62.58393719991048,,2020,4
66.6515121459961,67.0860355273564,65.71003990834832,66.05041238241853,116862400,0.028803662554779397,0.8416464123453871,62.50958518981933,,2020,4
66.3932113647461,68.0154433517939,66.35458591659604,66.59598944224571,124814400,-0.003875392664523636,0.8352239134106572,62.50636711120605,,2020,4
68.3099594116211,68.3196176159111,66.8687799957314,66.91706365013007,126161200,0.02886963904102946,0.7826276982963356,62.785912704467776,,2020,4
68.35824584960938,68.68896753125865,67.58092613126625,68.02751680090847,117087600,0.0007068725908225826,0.7036735429313503,62.82775688171387,,2020,4
67.25019836425781,69.00037411858965,67.15847120269908,68.81932145434843,112004800,-0.016209419530590408,0.5889642019887212,63.12041842142741,,2020,4
69.45904541015625,69.92736888191205,68.53205667132409,68.73483476728254,137280800,0.03284521235066573,0.5834785309716923,63.40101038614909,,2020,4
70.92434692382812,71.10057413486881,69.60870223992275,69.99735834734561,183064000,0.021095906300169442,0.5784286589663183,63.780255508422854,,2020,4
69.78250122070312,72.17963585405194,69.00518177066984,69.10174168301795,240616800,-0.016099488435915132,0.5807329866948693,64.13664716084799,,2020,5
70.76985168457031,70.89779524622708,69.11865261133845,69.80665406694762,133568000,0.014148969248672705,0.5420928002346651,64.65099741617838,,2020,5
71.83203125,72.66245995311394,71.0836788601292,71.2285224464027,147751200,0.015008927391340965,0.5347771015699604,65.2399419148763,,2020,5
72.5731430053711,73.20320267035598,72.14827044329485,72.5321011645588,142333600,0.010317288018652393,0.4612258880184094,65.67245686848959,,2020,5
73.3238754272461,73.6690879308978,72.89659400853687,73.19834829585785,115215200,0.010344493717454606,0.45977910803069,66.140939839681,,2020,5
75.0691146850586,75.12236750357918,73.65550314168313,73.98228146501447,133838400,0.023801786902878153,0.44247214237903465,66.56363245646159,,2020,5
76.2503890991211,76.74418013279127,74.36960120604306,74.57777409776222,145946400,0.015735824500107132,0.41902290714182483,67.11180191040039,,2020,5
75.37895965576172,77.38319101183461,75.25793117438776,76.93296121988755,162301200,-0.011428524544662588,0.41839374729331935,67.57403297424317,,2020,5
74.46885681152344,76.47793494369824,73.39412281961201,75.55811363681241,200622400,-0.012073698660667542,0.4213050587824201,68.01011161804199,,2020,5
74.92632293701172,74.98683718466037,72.98744407851115,73.70877656980059,158929200,0.006143052882443323,0.3818744946289246,68.56910514831543,,2020,5
74.48333740234375,74.52932881095421,72.66791038979864,72.70180190645536,166348400,-0.005912281789677176,0.3834092725060693,69.08098475138347,,2020,5
76.2382583618164,76.611028150083,75.11511790410643,75.80498172029709,135178400,0.023561255720765173,0.3799217081733757,69.6796859741211,,2020,5
75.7977294921875,77.0999898949941,75.76626090152799,76.25521336264156,101729600,-0.005778317594011817,0.3016138066133412,70.09423739115397,,2020,5
77.27185821533203,77.34204942619355,76.6158784313997,76.65460843756124,111504800,0.01944819103448836,0.29914593339386236,70.58238881429037,,2020,5
76.69574737548828,77.67365953830173,76.45852890117943,77.1338698714014,102688800,-0.0074556358957786895,0.2968125406131188,70.99790598551432,,2020,5
77.18954467773438,77.27184315466477,76.33266100253039,76.43432078527125,81803200,0.0064383922074395805,0.29679563502117234,71.41443354288737,,2020,5
76.66670989990234,78.48455279572174,76.61103413521022,78.30543299444078,125522000,-0.006773388546529979,0.2961800821043429,71.77120691935221,70.47853954315185,2020,5
77.000732421875,77.14596806852482,75.78560919845494,76.52388732434491,112945200,0.004356813047132979,0.26319352288412257,72.02806879679362,70.52520839691162,2020,5
77.03463745117188,78.29091382648822,76.4004493161322,76.67639044487011,133560800,0.00044032086748369004,0.26060409375848503,72.30714441935221,70.57924823760986,2020,5
76.95960998535156,77.736610955793,76.60378586836536,77.2767040924692,153532400,-0.0009739445566661065,0.2607044389955322,72.56553166707357,70.62683025360107,2020,5
77.9060287475586,78.02705721931588,76.78288098389504,76.91359380175058,80791200,0.01229760341024555,0.2565835084009365,72.88676935831705,70.68727199554444,2020,6
78.26669311523438,78.2909002875674,77.19922108217762,77.63976650286615,87642800,0.004629479559848271,0.24513067505732936,73.26726353963217,70.73976055145263,2020,6
78.69755554199219,78.95898118849432,78.01495316022684,78.58621141173712,104491200,0.005505054699620926,0.21967867810954406,73.73100026448567,70.78104808807373,2020,6
78.01980590820312,78.81859097042819,77.6470360985682,78.5208656190316,87560400,-0.008612079868572597,0.21349071786467255,74.10994338989258,70.81387233734131,2020,6
80.24188995361328,80.30240419943048,78.2400813612976,78.26912701737099,137250400,0.028481025036445562,0.2217764047358725,74.57156600952149,70.85295024871826,2020,6
80.71631622314453,80.75020774515244,79.23009024878114,79.93931540745123,95654400,0.00591245133689533,0.21132519094556249,74.98511123657227,70.90707996368408,2020,6
83.26520538330078,83.65733663706388,80.36536654340097,80.39683514299841,147712400,0.03157836332755459,0.22361717945545237,75.48200988769531,70.98992595672607,2020,6
85.4073715209961,85.87453965160508,83.77348714351568,84.2116096226659,166651600,0.0257270264071785,0.21928506631045622,76.08724899291992,71.08480113983154,2020,6
81.30695343017578,84.97653882509627,81.20529361612985,84.5529390302518,201662400,-0.04801011924143206,0.2611816492595497,76.4821792602539,71.13026706695557,2020,6
82.0088882446289,84.18740070270101,80.90027071068629,83.44186857843707,200146000,0.008633146180491602,0.25713781245161915,76.85166397094727,71.18795421600342,2020,6
83.02313232421875,83.67426627857331,80.50331793854433,80.66549938713932,138808800,0.012367489686781141,0.24999658759800966,77.29301834106445,71.25306247711181,2020,6
85.2234115600586,85.49452156139306,83.44187587324252,85.07333742619001,165428800,0.026502002204005004,0.2560174081314784,77.7748036702474,71.33648891448975,2020,6
85.10482025146484,86.02705683600927,84.98379175074255,85.96654258564811,114406400,-0.0013915343967446647,0.2556042355880396,78.21722997029623,71.42094501495362,2020,6
85.13870239257812,85.55504068464955,84.53113702208627,85.06124238777585,96820400,0.000398122468423745,0.2556955016750773,78.63608194986979,71.52828197479248,2020,6
84.65217590332031,86.3078449275457,83.54597361995395,85.84309961565448,264476000,-0.005714516143485726,0.2572627151370057,79.01369196573893,71.60970478057861,2020,6
86.86697387695312,87.00978658675993,84.99829398313842,85.04428539322777,135445200,0.026163509088795278,0.2588544825845291,79.40695393880209,71.69726024627685,2020,6
88.72113037109375,90.13716495464834,87.68996543764521,88.10872660527849,212155600,0.02134478054648281,0.2613729183003175,79.82264531453451,71.80448925018311,2020,6
87.15501403808594,89.26817360933838,86.78224431286925,88.35077581403517,192623200,-0.017652123304304435,0.2654035166985982,80.21518046061198,71.93064060211182,2020,6
88.31207275390625,88.35080275936323,86.55232106785238,87.30996064055707,137522400,0.013275870913344034,0.26138301123287505,80.67662099202474,72.07040935516358,2020,6
85.5986099243164,88.42825657527817,85.45095132716905,88.20798383985682,205256800,-0.03072584240153986,0.28202726588514304,81.03236389160156,72.15850299835205,2020,6
87.57136535644531,87.66577111516035,85.02976731524565,85.50661981464565,130646000,0.02304658257737069,0.28511761025843757,81.46863149007162,72.26006237030029,2020,6
88.30238342285156,88.58801627360432,87.14051287267962,87.15987418081895,140223200,0.008347683782601312,0.2801403874996457,81.87076899210612,72.35987689971924,2020,6
88.13536071777344,88.92204587845694,88.08695375546539,88.37984062385425,110737200,-0.0018914858082403896,0.2790580435395416,82.28202336629232,72.46866680145264,2020,7
88.13536071777344,89.67484690422407,88.02160103220285,89.04065881814572,114041600,0.0,0.2761000756433952,82.64414011637369,72.57378719329834,2020,7
90.49300384521484,90.9601720457748,89.52961440129422,89.56108299075036,118655600,0.026750252205707037,0.28094059139342936,83.10404866536459,72.70716762542725,2020,7
90.21221923828125,91.6476154008952,90.10087509241899,90.87061453958542,112424400,-0.0031028322080440818,0.2820759376490633,83.53813781738282,72.81941753387451,2020,7
92.31328582763672,92.34475442259624,91.10057777662374,91.18772214628044,117092000,0.023290266075883137,0.28428422260724306,84.05969034830729,72.95830295562745,2020,7
92.71024322509766,93.2572869587544,91.66455533300416,93.20403412942578,125642800,0.004300111234282422,0.28428775200887385,84.58334070841471,73.10096477508544,2020,7
92.8724136352539,92.93051232943125,91.69602034280251,92.30600122922262,90257200,0.00174921782658366,0.28407599197044414,85.11126658121745,73.25961170196533,2020,7
92.44397735595703,96.77921853086478,92.23096604261153,94.17468319640058,191649200,-0.004613170504855324,0.2850916969690516,85.62741216023763,73.40282138824463,2020,7
93.97376251220703,94.16498216403883,90.89479813530977,91.82671138557991,170989200,0.016548240350580556,0.28613480489881915,86.1630032857259,73.56934352874755,2020,7
94.62007141113281,96.09419752364778,93.42430934647335,95.84487913129125,153198000,0.006877546260232181,0.28608620125639433,86.70811589558919,73.75983043670654,2020,7
93.45575714111328,94.31021778955153,92.85787624181573,93.49448713549184,110577600,-0.012305151038837003,0.2912364421893324,87.20005594889322,73.97457080841065,2020,7
93.2669677734375,94.06091431617955,92.79495374103925,93.90600170117715,92186800,-0.002020093501470588,0.2889983862063601,87.70829467773437,74.21180522918701,2020,7
95.23249053955078,95.37046481228467,93.01040889370655,93.35413310853578,90318000,0.021074157475430066,0.28478693682886713,88.20798136393229,74.45766284942627,2020,7
93.91810607910156,96.09661884897764,93.66878769091768,96.02158177786353,103433200,-0.013801849064352112,0.2904442393061154,88.64804102579753,74.7365571975708,2020,7
94.18193054199219,94.8621099281947,93.53321973878694,93.62035668832587,89001600,0.0028090905354118956,0.27952423731003917,89.01193186442057,75.01847576141357,2020,7
89.8951187133789,93.99314144318696,89.08664931990235,93.91568143989768,197004400,-0.04551628750805814,0.30691463745378217,89.1615234375,75.19608936309814,2020,7
89.67243194580078,90.01615612762265,86.31267968652797,88.09664593771886,185438800,-0.002477184198267035,0.26855817893373374,89.44037272135417,75.39438510894776,2020,7
91.79769134521484,91.88967418415685,90.50995376100627,90.73264205708286,121214000,0.02370025383830998,0.27458778752794993,89.76666615804037,75.58153705596924,2020,7
90.28968048095703,91.54595685387366,90.28483461346657,91.36925259131361,103625600,-0.01642754672976232,0.2795200382657855,90.00888442993164,75.77731464385987,2020,7
92.02040100097656,92.20436670679456,90.73507876836658,90.77138584530584,90329200,0.019168530786688898,0.27492116193683647,90.2354507446289,75.99978992462158,2020,7
93.13385009765625,93.23793283077006,90.7883172670131,91.1949712384762,158130000,0.01210002439206792,0.27595230370961854,90.50308507283529,76.28858470916748,2020,7
102.88389587402344,103.03397001244983,97.62157236005555,99.61612680199143,374336800,0.10468852910240156,0.40312847136742547,91.0945915222168,76.6286029434204,2020,7
105.47632598876953,108.09053834247213,104.4645296144692,104.7622549635953,308151200,0.025197627799013356,0.40485288405827746,91.78872985839844,77.01846866607666,2020,8
106.18071746826172,107.26997389606046,104.94380243901392,105.6651349105181,173071600,0.006678195063100523,0.40103641967726567,92.43252131144206,77.48103992462158,2020,8
106.56559753417969,106.88511455690511,105.43761099297775,105.90236369757778,121776800,0.0036247642236266753,0.39881625156169154,93.02733688354492,77.87566669464111,2020,8
110.2835922241211,110.7773905993439,106.30902020460445,106.89721697372634,202428800,0.03488925859725889,0.40032427327390413,93.7982894897461,78.39379909515381,2020,8
107.77620697021484,110.26176460572711,106.98082882286342,109.80587577731004,198045600,-0.022735795990492247,0.4098295286915515,94.44709396362305,78.8611483001709,2020,8
109.34268951416016,110.35873735584337,106.69708588297902,109.21901552378732,212403600,0.014534585953449142,0.39435150100133964,95.2385632832845,79.35910526275634,2020,8
106.09086608886719,109.10505737675727,105.83139636601508,108.60794885006547,187902400,-0.02973974245321498,0.4068883773652166,95.85587997436524,79.82910640716553,2020,8
109.61670684814453,109.8737492325435,106.9856522603481,107.1796439994117,165598000,0.03323415944520547,0.4140811122840847,96.566357421875,80.3718800354004,2020,8
111.55667114257812,112.55817011651827,110.50667052619417,110.99408465160128,210082000,0.017697706400914726,0.4140909102962384,97.3470677693685,80.94580978393554,2020,8
111.45723724365234,111.5469586132698,109.65065854076958,111.38206488530741,165565200,-0.0008913308178467583,0.4142524214355238,98.12446365356445,81.46440521240234,2020,8
111.16625213623047,112.60181637912858,110.54062239475888,112.57756555807367,119561600,-0.0026107331799887223,0.4115440553158417,98.81357192993164,81.9833738708496,2020,8
112.09257507324219,112.51693852673742,110.58426581680665,110.91890789561272,105633600,0.008332771135223238,0.4103899541529027,99.54291712443033,82.48041625976562,2020,8
112.23321533203125,113.64452867430332,112.13864675565405,112.49995954797271,145538000,0.001254679524465896,0.4080216450795002,100.20691477457682,83.00469535827636,2020,8
114.72362518310547,114.8375973733061,112.2574641314498,112.27444044495672,126907200,0.022189597292624708,0.41034013638410827,100.94069417317708,83.53681133270264,2020,8
120.63562774658203,121.1181872782855,115.66935990258521,115.68148161330981,338054800,0.05153256405592721,0.42927086642763285,101.86613464355469,84.12930263519287,2020,8
122.07845306396484,124.91805616382935,120.21610549023623,124.83317459173283,345937600,0.01196019239369095,0.42735344559023997,102.85395050048828,84.76852199554443,2020,8
121.07694244384766,121.42128630177416,119.35766525675145,120.95327585147248,211495600,-0.008203827907226402,0.4298963444471258,103.75738983154297,85.38802192687989,2020,8
122.72347259521484,123.17936132920332,121.3267083719839,122.39125785191554,163022400,0.013599039735668894,0.4300728108134162,104.69416987101236,86.03248443603516,2020,8
121.25641632080078,123.65709978806709,120.11426694187719,123.32488497435537,155552400,-0.01195416201473476,0.4299225334565519,105.62085851033528,86.61143672943115,2020,8
121.05998229980469,122.64588380173389,120.83688511649021,122.2287948592591,187630000,-0.0016199886732294333,0.4298344603831859,106.54729232788085,87.1957633972168,2020,8
125.16539764404297,127.06655257654671,122.21668415759454,123.74924435405829,225702700,0.033912241405018806,0.43453315222966654,107.5450558980306,87.80511505126952,2020,8
130.15109252929688,130.7524864197246,126.61069366744442,128.773731349047,151948100,0.03983285300169537,0.4373314978147493,108.75282211303711,88.45968879699707,2020,9
127.45452880859375,133.83695705739137,123.18665076532004,133.45866793446768,200119000,-0.020718717517458685,0.44651692227350376,109.86190872192383,89.07459899902344,2020,9
117.25041961669922,124.97140947448622,116.88183227033254,123.09936731503697,257599600,-0.08006078157660967,0.4929866373537731,110.77375208536783,89.55415443420411,2020,9
117.32799530029297,119.98572065509111,107.56036231574582,116.46471946533688,332607200,0.0006616239314738426,0.4924155402503861,111.69560419718424,90.0408106994629,2020,9
109.43241882324219,115.41715402612338,109.29662311428591,110.52848630276392,231366600,-0.06729490652970416,0.5380589717749039,112.28342844645182,90.4430549621582,2020,9
113.79732513427734,115.56267714207601,111.79918148817357,113.73912907477926,176940500,0.03988677539957752,0.5420127900889515,113.0670166015625,90.89833923339843,2020,9
110.08231353759766,116.8818312711873,109.12204164322466,116.74603554472291,182274400,-0.032645860456703035,0.5536667645587074,113.6690803527832,91.33064369201661,2020,9
108.63705444335938,111.77007275174712,106.6971070425851,111.12988655734183,180860300,-0.013128894622519538,0.5563022130980374,114.1858538309733,91.76915969848633,2020,9
111.89616394042969,112.44904864015743,109.41303369608222,111.27538137934282,140150100,0.02999998033607887,0.47737576006483545,114.48626276652018,92.22160621643066,2020,9
112.07074737548828,115.26196131479541,110.19869808587379,114.77697452888815,184642000,0.0015602271687484848,0.4728251452847038,114.70607681274414,92.67838157653809,2020,9
108.7631607055664,112.51696201625585,108.67586661477294,111.7700854383201,154679000,-0.02951338103278589,0.4815729626869941,114.79215825398764,93.08291358947754,2020,9
107.02688598632812,108.83103751673956,105.44583164529507,106.42550707639862,178011000,-0.01596381263632607,0.48407459171922357,114.8075345357259,93.46959999084473,2020,9
103.6319808959961,107.5506753180143,102.9045006607274,107.08509211161683,287104900,-0.03172011461461843,0.48156324473487566,114.58581415812175,93.83341781616211,2020,9
106.77469635009766,106.88139403880808,100.00427732246104,101.4010416835348,195713800,0.030325729827123116,0.4858822523801699,114.5524304707845,94.20657432556152,2020,9
108.45272827148438,109.4712033465495,105.8823045683097,109.29660783083291,183055400,0.01571563281139854,0.4861980771243826,114.52276509602865,94.58185813903809,2020,9
103.90357208251953,108.74373815268274,103.56407541081022,108.26845317272523,150718700,-0.041945982009573446,0.49395220782135607,114.44985529581706,94.92306884765625,2020,9
104.97052001953125,106.93956479035168,101.8472045622397,102.01209826021855,167743300,0.010268635770908308,0.48483707728680026,114.29498240152995,95.26507553100586,2020,9
108.90862274169922,109.06382205291594,104.43704434153668,105.17422626919512,149981400,0.03751627334450891,0.4947738458647427,114.20671412150065,95.63584144592285,2020,9
111.50816345214844,111.85735453793174,109.39362072171006,111.5566650919616,137672400,0.023869007292605326,0.49970681737851474,114.20841166178386,96.02519165039062,2020,9
110.66429138183594,111.84766043177646,110.15990833447874,111.11048577797068,99382200,-0.007567805299516284,0.5001813764579317,114.19167963663737,96.39859580993652,2020,9
112.33264923095703,113.73911550361659,110.20841190929694,110.37330565840851,142675200,0.015075846312200047,0.5014982479185942,114.19968210856119,96.77123115539551,2020,9
113.2832260131836,114.18530182393523,112.35205217632898,114.10770215411938,116120400,0.00846215938762529,0.5020196963650189,114.23468246459962,97.14155952453613,2020,10
109.62643432617188,111.90587864952262,108.85045973551675,109.5003403977725,144712000,-0.03228008078253486,0.5066544256015495,114.06477610270183,97.48403427124023,2020,10
113.00193786621094,113.14743540361185,110.14051836534591,110.48970949498322,106243800,0.0307909635188528,0.4912947813936645,113.81031977335611,97.86936508178711,2020,10
109.7622299194336,112.63335124814374,108.87955028037823,112.2259566607193,161498200,-0.02866949016938991,0.49556745008855124,113.39977900187175,98.21772415161132,2020,10
111.62456512451172,112.08045390652613,110.70308575226879,111.1783781507114,96849000,0.016966994989488615,0.49865726766054747,113.08469975789389,98.589136428833,2020,10
111.51786041259766,112.90492288741173,111.14926572678705,112.75942537460811,83477200,-0.0009559249954975702,0.49642395089163327,112.71117935180663,98.94193244934083,2020,10
113.45782470703125,113.48692273393875,111.46937566481606,111.81856678833006,100506900,0.01739599636556921,0.4989545740853128,112.45122629801432,99.31853340148926,2020,10
120.66471099853516,121.42128918284882,115.69844376260184,116.45502194691551,240226800,0.06352039896863348,0.5335930997306418,112.438050587972,99.75246192932129,2020,10
117.46380615234375,121.62499394990238,116.05734733652297,121.50859444916024,262330500,-0.026527265674471057,0.5293868607575026,112.18133087158203,100.16014251708984,2020,10
117.55111694335938,119.33586502763562,116.028258506117,117.36681956932418,150712000,0.0007432995224281314,0.5147403130585342,111.76133168538412,100.5637582397461,2020,10
117.08553314208984,117.56081821833106,114.60240265361523,115.15528740769942,112559200,-0.003960692279035283,0.5119761291960025,111.41569849650065,100.96794647216797,2020,10
115.44625091552734,117.90029026113083,115.24255735409358,117.63839325335097,115393800,-0.014000723937201864,0.45773279609352524,111.35555953979492,101.3524016571045,2020,10
112.4975357055664,116.80421323996534,112.18714446524658,116.358026294525,120639300,-0.02554188799182855,0.4636095406409589,111.19454421997071,101.70703063964844,2020,10
113.98159790039062,115.40746025257594,112.15804282671203,112.71092747344602,124423700,0.013191952921603356,0.4202364176085896,111.34618352254232,102.07725051879883,2020,10
113.3608169555664,115.14556482205545,112.95342242055368,113.16681779596242,89946000,-0.005446326040864258,0.40468775338527474,111.33163324991862,102.4317984008789,2020,10
112.27445220947266,114.49569279996962,111.14927920105526,113.92340448698165,101988000,-0.009583247327156874,0.39380349625791616,111.40470453898112,102.77187599182129,2020,10
111.58575439453125,113.05041647874276,110.84857244879218,112.89521716371952,82572600,-0.006134056335955096,0.39214829405671536,111.50299453735352,103.10075798034669,2020,10
111.59546661376953,113.05042702646372,109.49061825916863,110.58669317293085,111850700,8.703816442312551e-05,0.38251440080701926,111.4929712931315,103.43651458740234,2020,10
113.09892272949219,113.75850508779021,111.10077943831497,112.02225141814819,92276800,0.013472376265301955,0.3844385965286622,111.52724380493164,103.76508491516114,2020,10
107.86107635498047,111.96406850952522,107.76408046155812,111.59548115439539,143937800,-0.04631208015163413,0.39868672393560595,111.49717432657877,104.0365325164795,2020,10
111.85734558105469,113.41900353400632,108.83102554669962,108.99592666867332,146129200,0.037050151557195043,0.40966644179171163,111.65818964640299,104.32245391845703,2020,10
105.5913314819336,108.6273463236584,104.48556211975591,107.72527053869118,190272600,-0.05601790447083854,0.4323631833747261,111.72350133260092,104.5242935180664,2020,10
105.50404357910156,107.35669702970988,104.09758457442842,105.83383850866505,122866900,-0.0008266578478268727,0.4233247735323221,111.68114624023437,104.76626441955567,2020,11
107.1238784790039,108.14234624016166,105.46522463913784,106.36730031348367,107624400,0.015353296849593079,0.42320876415666964,111.6368512471517,105.01741432189941,2020,11
111.49845886230469,112.11924135480659,108.97652906147681,110.71278263905,138235500,0.040836650478055514,0.42002243956104535,111.8900141398112,105.30216758728028,2020,11
115.45596313476562,116.02825144019144,113.36082388514865,114.40838980980128,126387100,0.035493802451101786,0.43021525484134854,112.23952891031901,105.60449310302734,2020,11
115.32481384277344,115.82034860014043,112.8373918555085,114.96530169353447,114457900,-0.0011359248013816936,0.41809898050728317,112.45340194702149,105.90669303894043,2020,11
113.02198791503906,118.53122507296646,112.7596464655049,117.08347300114552,154515300,-0.019968173812739964,0.41770151474733413,112.50386276245118,106.18552589416504,2020,11
112.68191528320312,114.25597883957684,110.8940807658282,112.27382528066764,138023400,-0.0030089068340540814,0.41711801543334054,112.57111689249675,106.46582328796387,2020,11
116.10210418701172,116.23813418126791,113.13858512576901,113.86732041488949,112295000,0.030352598242696205,0.4239127493103409,112.6967653910319,106.75817459106446,2020,11
115.83004760742188,117.1126214574974,115.20819406878398,116.22842646880996,103162300,-0.0023432527902477185,0.42351506489306595,112.78165944417317,107.02926376342774,2020,11
115.87862396240234,116.27699537989376,114.52803521767761,116.05352071993178,81581900,0.00041937611167264244,0.4115649478996302,112.99006576538086,107.3164998626709,2020,11
116.88915252685547,117.55958400464418,114.80010971790968,115.54827474511946,91183000,0.00872057787621805,0.40311424540213636,113.11963958740235,107.6022706604004,2020,11
116.00494384765625,117.24865091924097,115.5871353083196,116.16041093814378,74271000,-0.00756450585948143,0.39395317769545074,113.32773005167643,107.90633399963379,2020,11
114.68350219726562,116.42275133775613,114.65435397133162,115.24705927558566,76322100,-0.011391252877342994,0.3932532667719134,113.42969462076823,108.17745536804199,2020,11
115.27620697021484,115.68429695756758,113.49809106564801,114.25597458875419,74113000,0.005168178173785787,0.393362426044798,113.55497283935547,108.44719360351563,2020,11
114.01305389404297,115.40250938194856,113.96447599254086,115.27619794234921,73604300,-0.010957621779646542,0.39192525532397304,113.57348047892252,108.70597053527833,2020,11
110.62202453613281,114.28513837643995,110.52486130551306,113.85761126601786,127959300,-0.02974246581502482,0.3527764367573132,113.23872426350911,108.93083717346191,2020,11
111.90460205078125,112.56532241854126,109.39775058959653,110.68033196208322,113874200,0.011594232884695632,0.34762168454687037,113.0534174601237,109.14495315551758,2020,11
112.74021911621094,113.43980625953591,111.90460196313715,112.27383262938065,76499200,0.00746722699617397,0.34852393844875723,112.89305419921875,109.37023315429687,2020,11
113.2843246459961,114.15880846315034,112.92481998616722,113.26489496698315,46691300,0.004826188329688286,0.34884012765864353,112.76634724934895,109.57994354248046,2020,11
115.67456817626953,117.540128473613,113.4980737496245,113.65354081427529,169410200,0.02109950814239081,0.35217219323593624,112.77395782470703,109.80958679199219,2020,11
119.24051666259766,119.96925188593028,116.60735427852516,117.57900124296866,127728200,0.03082741991216409,0.354111281189125,112.99872385660807,110.07326782226562,2020,12
119.59032440185547,119.87210294466338,117.4624149241799,118.56037345602128,89004200,0.002933631529353553,0.35258513976620826,113.1856814066569,110.3447312927246,2020,12
119.45428466796875,120.27046459048226,118.74497909552679,120.01783429457547,78967600,-0.0011375479961872603,0.35203186059963665,113.38879699707032,110.59953651428222,2020,12
118.78384399414062,119.37654924842553,118.07453843287111,119.12391895649799,78260400,-0.005612529309364289,0.35108474598348816,113.60577672322592,110.84117424011231,2020,12
120.24132537841797,121.03807568238211,118.78385476777048,118.84215122001115,86712000,0.01227003046263797,0.35137749413756003,113.89429575602213,111.10902992248535,2020,12
120.85346984863281,121.43646406909802,119.60004413555974,120.84375871454999,82225500,0.0050909657581394985,0.35134950375213914,114.20289586385091,111.3848949432373,2020,12
118.32719421386719,122.37896123763355,117.56931058790569,120.99922399995596,115089200,-0.02090362517459987,0.3564487584031557,114.37717157999674,111.61584197998047,2020,12
119.74578094482422,120.35792333365181,116.7433951040976,117.08347009062476,81312200,0.011988678852580925,0.32696573443267296,114.7733283996582,111.8741187286377,2020,12
118.9393310546875,119.27940607418536,117.13206676469383,118.95876073591047,86939800,-0.006734683124312468,0.31245725352636006,115.00939458211263,112.12169273376465,2020,12
118.32719421386719,119.85268001340195,118.0940009627436,119.12394461719592,79184500,-0.005146630936900598,0.26050825108514286,115.43392333984374,112.40601348876953,2020,12
124.25424194335938,124.27367903878984,120.6105649235341,120.81460994707473,157243700,0.05009032597172469,0.2922852701692204,116.05892995198568,112.75183158874512,2020,12
124.18621063232422,124.73033062366706,122.9716517851633,123.79755773169585,98208600,-0.0005475170100524007,0.2913200669606017,116.62767435709635,113.07571678161621,2020,12
125.05094909667969,125.90600308591694,124.40965860475175,125.24527550528235,94359800,0.0069632406041897354,0.2710484595372228,117.07942403157553,113.42332946777344,2020,12
123.0688247680664,125.43964605507787,122.5441344465272,125.30361605465058,192541500,-0.015850534065765864,0.2597737866209441,117.33318608601888,113.73381370544433,2020,12
124.59429168701172,124.67202522679207,119.94982017477122,121.47530568083864,121251600,0.012395234307471359,0.26119353108764504,117.64216868082683,114.04841812133789,2020,12
128.14083862304688,130.5991048748753,125.97405467288996,127.87848972538272,168904800,0.028464762614841987,0.26236898411727994,118.14613037109375,114.30098754882812,2020,12
127.24688720703125,128.6751945398209,127.07198305177502,128.41286054616967,88223700,-0.006976319381250318,0.263581749881636,118.63162943522136,114.51869316101075,2020,12
128.228271484375,129.67603102914552,127.3829432351903,127.59670678746939,54930100,0.007712442314970147,0.2519674837877938,119.03583501180013,114.73916870117188,2020,12
132.8144073486328,133.44597185664287,129.72456272466368,130.19096387713518,124486200,0.03576540345719814,0.2680636220640636,119.60198033650717,115.00165679931641,2020,12
131.04605102539062,134.8549062093824,130.53107920371312,134.13589678161503,121047300,-0.013314491692157482,0.272884728103987,120.10756123860678,115.2092813873291,2020,12
129.92864990234375,132.13429294527648,129.61771571736733,131.7359140805847,96452100,-0.008526782106775377,0.2749995904754698,120.54221115112304,115.43080581665039,2020,12
128.92787170410156,130.91975146585497,127.9853727167279,130.27846074381847,99116600,-0.007702521337629387,0.2750488939776661,120.97297541300456,115.6266576385498,2020,12
125.74087524414062,129.82179076341993,123.16600852724952,129.73434606845893,143301900,-0.02471922027283069,0.28395911137966323,121.34155451456705,115.82315773010254,2021,1
127.29547119140625,128.0047841932833,124.78862009202955,125.2355842462787,97664900,0.012363489153763174,0.28514998451520496,121.74219665527343,115.99994537353516,2021,1
123.01051330566406,127.3343470647896,122.79674977159817,124.09876065496377,155088000,-0.03366151085845914,0.30221131622397274,122.04211196899413,116.11448379516601,2021,1
127.20803833007812,127.89791430422592,124.23480053472447,124.72062409151188,109578200,0.03412330305446165,0.29928981093876444,122.59497909545898,116.27199180603027,2021,1
128.30601501464844,128.8695721666665,126.53761000388556,128.67523086681507,105158200,0.008631346721355015,0.2988314534055009,123.14169286092122,116.44338943481445,2021,1
125.32302856445312,126.47929089114106,124.85664214589357,125.5270809622862,100384500,-0.023248999276103688,0.30946613557872255,123.5611198425293,116.57569396972656,2021,1
125.14813995361328,126.0129052139805,123.26314235039197,124.85664288048969,91951100,-0.0013955025891342343,0.3097972628491775,123.9565803527832,116.70484321594239,2021,1
127.17890167236328,127.72302173327904,124.8469543181073,125.1092883878033,88636800,0.016226862976171263,0.3077077849881691,124.34005813598633,116.82939598083496,2021,1
125.25503540039062,127.28577434890036,125.1092794348303,127.09144788764522,90221800,-0.015127243958505732,0.30079036114078406,124.54054209391276,116.87559005737305,2021,1
123.53520965576172,126.52788445335536,123.39917965706009,125.12871028033413,111598500,-0.013730591661495373,0.30411046297686,124.67203826904297,116.89015762329102,2021,1
124.20563507080078,125.06068915645737,123.34086985277312,124.15704975663279,90757300,0.005426998641984371,0.30425617198535554,124.83041661580404,116.92144454956055,2021,1
128.28659057617188,128.7335548533042,124.90526215662156,125.01214395162096,104319500,0.032856444098086524,0.3166429454975684,125.14717483520508,116.97707572937011,2021,1
132.9893341064453,135.7099489572785,129.80233279797613,130.00638521290585,120150900,0.03665810673704928,0.3305902817568188,125.57210845947266,117.09440490722656,2021,1
135.12696838378906,135.88485193048166,131.19179469063414,132.4160646907934,114459400,0.016073727203061106,0.33255527021278136,126.04789174397787,117.23507476806641,2021,1
138.86781311035156,140.97628571065687,132.6686993609781,139.0135690829673,157611700,0.02768392402571873,0.3308265253503332,126.73257904052734,117.37209892272949,2021,1
139.10098266601562,140.2086596098709,137.36172630104042,139.5285097015661,98390600,0.0016790755931237467,0.33043427436197087,127.37775243123373,117.46159782409669,2021,1
138.03216552734375,140.208660067174,136.42895396495652,139.3633171255217,140843800,-0.007683749734810452,0.33074380645569357,128.01418024698893,117.56737419128417,2021,1
133.2030792236328,137.96415826033868,132.8241374993332,135.564189064389,142621100,-0.034985224532714465,0.3496096332313012,128.5100430806478,117.72690078735351,2021,1
128.2185516357422,132.86302336292994,126.51816929301403,131.9788209864335,177523800,-0.03742051322644102,0.3416777986511135,128.64218673706054,117.83580635070801,2021,1
130.3367462158203,131.5415940017464,127.21775238608966,129.95780442586786,106239800,0.01652018801534849,0.34445789243332403,128.84720458984376,118.04484962463378,2021,2
131.16265869140625,132.44522526454477,130.79342801715512,131.88166811874655,83305400,0.0063367584320259684,0.3443817010468937,129.0509282430013,118.21850296020507,2021,2
130.14242553710938,131.92054165395052,129.82178018887643,131.91081569341782,89880900,-0.0077783811678995285,0.3415658689101017,129.28671493530274,118.4191040802002,2021,2
133.49456787109375,133.50427900274144,130.77395356806818,132.43547630144383,84183100,0.02575749084243495,0.3472184092593103,129.58339080810546,118.66767921447754,2021,2
133.0810089111328,133.72325779067754,132.20522578325316,133.65514858435046,75693800,-0.003097945980545691,0.33868057890829756,129.74806315104166,118.87952766418456,2021,2
133.22698974609375,133.27564766652046,131.29051736028654,132.37065786118401,71297200,0.0010969321329568071,0.3377355791624693,129.94739990234376,119.09109008789062,2021,2
132.35121154785156,134.1709170758531,132.1955269668042,132.9448026300194,76774200,-0.006573579421941922,0.3380820648311648,130.08483123779297,119.32697059631347,2021,2
131.74790954589844,133.30487431692404,130.78453592339073,132.80858418639744,73046600,-0.004558341362330465,0.3221594402507953,130.04928131103514,119.57418083190917,2021,2
131.494873046875,132.72097244544923,130.17145780866096,132.24414858851415,64280000,-0.0019206111117481273,0.31977255355998374,130.06424204508463,119.85280975341797,2021,2
131.72840881347656,131.88410821935858,130.0936095966532,130.73585850968206,60145100,0.0017760066319720824,0.31869080307005104,130.12423400878907,120.10234687805176,2021,2
129.60704040527344,132.35117148769072,129.21779194968602,131.84517076789257,80576300,-0.016104107134603862,0.32152271814456945,130.1468729654948,120.31388999938964,2021,2
127.32027435302734,128.6631557746567,125.98713342468182,127.71924852152779,97918500,-0.017643841299789798,0.3173512856379458,130.19951960245768,120.54805702209472,2021,2
126.22067260742188,126.50286477250336,123.982542030246,125.72438263501022,96856700,-0.008636501540646657,0.316427530046182,130.16369298299153,120.76055854797363,2021,2
126.37638092041016,127.19379548505816,125.3351725587671,126.7364377000899,87668800,0.0012336197373354896,0.2999927516477818,130.27588857014973,120.93523612976074,2021,2
122.61045837402344,126.23038738054991,122.22121733879867,124.56638176936013,103916400,-0.02979925931538141,0.29597590155611314,130.1226359049479,121.04625907897949,2021,2
122.47425079345703,123.30138352656303,115.20519947854247,120.43074421044315,158273000,-0.0011108969199911112,0.29454781163332144,129.92824376424153,121.1643586730957,2021,2
121.97796630859375,122.1823162213377,118.94190197736167,121.57899955251936,111039900,-0.004052153670245584,0.2873305662588134,129.8167416890462,121.26081184387208,2021,2
117.73524475097656,123.05809741548158,117.29735317502876,121.32598240071049,148199500,-0.03478268810355034,0.3038106922697605,129.56964518229168,121.30533203125,2021,2
117.99798583984375,121.49140765726709,117.93959485190196,119.29220185674814,164560400,0.0022316264719448586,0.29924566836321537,129.26361465454102,121.38904754638672,2021,2
124.35232543945312,124.48855870917815,119.48683030882653,120.42100448300808,116307900,0.05385125478526387,0.3378833053775477,129.23352432250977,121.50255142211914,2021,3
121.754150390625,125.25730532990295,121.64710890595583,124.95564701355688,102260900,-0.020893658720465003,0.34103159514091885,129.17415568033854,121.62247062683106,2021,3
118.77645874023438,122.32827149061751,118.56237577745944,121.45248092660913,112966300,-0.02445659257476862,0.3476339857604324,128.99318313598633,121.69398956298828,2021,3
116.89840698242188,120.27506247398532,115.42903250113422,118.47483039632651,178155000,-0.01581164969667792,0.3345008206933974,128.61357701619465,121.74779502868653,2021,3
118.1536865234375,118.65970219404976,114.40725661331615,117.72552798386944,153766600,0.010738209128926757,0.315790073496456,128.1190554300944,121.79475364685058,2021,3
113.22979736328125,117.74497601487798,113.08383103215061,117.67685938357114,154376600,-0.04167359737166998,0.3283986797702362,127.3891497294108,121.72040451049804,2021,3
117.83256530761719,118.77647261328785,115.59444185391254,115.8279835568737,129525800,0.04064979406055658,0.3417215057422773,126.68797480265299,121.72409210205078,2021,3
116.75241088867188,118.88349246045178,116.2366622283132,118.41640913957764,111943300,-0.009166858212120155,0.34125951433911517,125.94302241007487,121.71610504150391,2021,3
118.67915344238281,119.89552719538874,117.99798711036199,119.24355264557505,103026500,0.01650280742851784,0.34712460072823237,125.29792200724283,121.73204124450683,2021,3
117.77418518066406,117.91041846338683,115.95449457965704,117.16113540841165,88105100,-0.007625334656251148,0.3353011334646496,124.78362553914388,121.75532058715821,2021,3
120.6545639038086,120.66429697426416,117.18060016691906,118.14397368976827,92403800,0.024456791772544006,0.3294241039457286,124.5314926147461,121.83689086914063,2021,3
122.19204711914062,123.79766203262986,121.36491441345117,122.31854732264155,115227900,0.012742851704787395,0.3277746932288006,124.26000264485677,121.91899536132813,2021,3
121.40384674072266,122.4742542742317,119.04894125801434,120.71294726523811,111932600,-0.006450504734153872,0.3270620182060973,123.93470891316731,121.99942565917969,2021,3
117.2876205444336,119.86633436304555,117.08327064661763,119.57440169521924,121229700,-0.03390523699862591,0.33935127653229985,123.50621541341145,122.0495573425293,2021,3
116.76215362548828,118.16341864155612,116.46049529392347,116.67457827406234,185549500,-0.004480156699455229,0.3280253448792904,122.94846827189127,122.10132133483887,2021,3
120.0707015991211,120.53779245026008,117.02490398115997,117.09302062360135,111912300,0.028335790929695515,0.3413637329401455,122.51479136149088,122.18607368469239,2021,3
119.2435531616211,120.89781850320577,118.85431207414345,120.01230226774646,95467100,-0.0068888448762596255,0.34127465544029717,122.04867680867513,122.24751998901367,2021,3
116.85945129394531,119.59386443754735,116.83999258124882,119.51601473844956,88530500,-0.019993549374064723,0.3445369303608868,121.53228480021158,122.33750373840331,2021,3
117.34602355957031,118.38724678280408,115.79879946642953,116.32427390112565,98844700,0.0041637390920232775,0.3453217790198186,121.05222193400066,122.39239051818848,2021,3
117.94934844970703,118.21208938078492,115.72095047944185,117.11248257706046,94071200,0.005141417423748074,0.34622982815263786,120.60070444742838,122.51597068786621,2021,3
118.12449645996094,119.28248673827066,117.48225492917581,118.3775042989523,80819200,0.001484942583880322,0.34619312746618935,120.1472407023112,122.6421752166748,2021,3
116.6745834350586,117.16113298447573,115.66255948137214,116.87893335491496,85671900,-0.012274448301193841,0.34514809263279134,119.71615880330404,122.73768226623535,2021,3
118.8640365600586,120.19717735139929,117.89093762370798,118.37748709188328,118323800,0.018765467684044967,0.3480912513925891,119.43428421020508,122.81133804321288,2021,3
119.69117736816406,120.83943448866229,119.19489479787379,120.33342627373456,75089100,0.006958713771154201,0.3484640048503301,119.21663436889648,122.85369018554688,2021,4
122.51316833496094,122.7661761594041,119.75929632134557,120.53777850848313,88651200,0.023577268006284013,0.3559446947153378,119.08786061604818,122.92557373046876,2021,4
122.81482696533203,123.71007628588559,122.26989388745704,123.09702657327624,80171300,0.0024622547475576795,0.345218200190561,119.09467290242513,123.02350212097168,2021,4
124.45936584472656,124.47882455845117,121.7736104771957,122.4450511751175,83466700,0.013390393652215504,0.34726167377686007,119.16084340413411,123.14127662658692,2021,4
126.85321044921875,126.88240223692625,125.06271151102148,125.48113703370569,88844600,0.019233945057045343,0.3509919850396862,119.32335154215495,123.24878768920898,2021,4
129.4221649169922,129.4610823431084,125.987126690143,126.3082511367721,106686700,0.020251394968058944,0.33748066329150495,119.71291554768881,123.38470886230469,2021,4
127.70952606201172,129.2762161435529,127.11593504109703,128.95509167174853,91420000,-0.013232964045060691,0.340895873861411,120.0366335550944,123.50301788330079,2021,4
130.8136749267578,131.0374983592836,128.3809277339075,128.8772176641677,91266500,0.024306322014215453,0.31202691008640415,120.25201187133788,123.64226310729981,2021,4
128.47828674316406,131.36839256751463,128.11824478906962,131.31000899099288,87222800,-0.01785278324228201,0.31021779127782817,120.47614974975586,123.76699653625488,2021,4
130.8818359375,131.36838551347583,130.04497007288896,130.22013564136392,89347100,0.018707824141061202,0.30340576808318487,120.87966232299804,123.92897987365723,2021,4
130.55096435546875,131.04723949609195,129.69463249088383,130.6871976204425,84922400,-0.0025280175790722836,0.2984930773852664,121.33474756876628,124.08172744750976,2021,4
131.2126922607422,131.82574950678435,129.75304346412022,129.91846854593953,94264200,0.0050687324183347204,0.29780931729494947,121.77004776000976,124.25372383117676,2021,4
129.52919006347656,131.8840875267871,128.2641585737153,131.38781245275527,94812300,-0.012830330422000769,0.27008980715359626,122.31336085001628,124.4427954864502,2021,4
129.90870666503906,130.15198139662152,127.76789199677557,128.79937448295544,68847100,0.002929969695452561,0.24756591196737623,122.71589889526368,124.62283653259277,2021,4
128.3906707763672,130.5412110225183,127.87492954910141,129.46107065350094,84566500,-0.011685405294550644,0.24877927921809453,123.10384089152018,124.77934104919433,2021,4
130.70668029785156,131.48514771146148,128.60478264515086,128.60478264515086,78657500,0.018038767984306592,0.24952679065231276,123.50475845336913,124.95356460571288,2021,4
131.09591674804688,131.42676689058607,129.9671181870508,131.20295824690538,66905100,0.002977938459674201,0.24735993418680993,123.9488161722819,125.10777809143066,2021,4
130.77479553222656,131.76736083305914,130.5023289552631,131.3781122600293,66015800,-0.0024495134843709465,0.23991659770350313,124.2861572265625,125.22312088012696,2021,4
129.98658752441406,131.38785269000346,129.5000379446019,130.69694575341165,107760100,-0.006027216518325718,0.23932318688538035,124.54597524007161,125.32708351135254,2021,4
129.88926696777344,133.38270410909877,128.88697605750357,132.7988386951313,151101000,-0.0007486969116897724,0.2381052797409527,124.82882258097331,125.43143333435059,2021,4
127.92361450195312,129.96711370748065,127.54410644604702,128.23499849351802,109839500,-0.015133294010412746,0.21868197822816182,125.18335571289063,125.52283103942871,2021,4
128.97451782226562,130.4633727552625,128.283625938946,128.48796838679135,75135100,0.00821508463784415,0.21800843337958667,125.59043451944987,125.61016296386718,2021,5
124.41072082519531,127.9528084470389,123.29165535400072,127.66087574180307,137564700,-0.0353852611673221,0.2324514667931022,125.73510182698568,125.64573547363281,2021,5
124.65400695800781,126.94078104975206,124.52749931714487,125.72440711319194,84000900,0.0019555077825996747,0.23115769877242487,125.91545028686524,125.70900360107422,2021,5
126.2498779296875,126.2596035749363,123.71008135413715,124.44963872166365,78128300,0.012802404115395127,0.22398824432057457,126.22846450805665,125.77404457092285,2021,5
126.9224624633789,127.9459401484153,126.21088280565189,127.54630313860244,78973300,0.005327407398096673,0.22408077360554338,126.5476791381836,125.85387588500977,2021,5
123.64725494384766,126.26933202953478,123.60826398239955,126.14262441916804,88071200,-0.02580479023148685,0.23864529842541712,126.73760935465495,125.90707649230957,2021,5
122.73101806640625,123.08192191649415,119.67029018955704,120.38186236478138,126142800,-0.0074100866845567825,0.2400976403528811,126.89116007486979,125.89184425354004,2021,5
119.6702880859375,121.4930768252382,119.16342036759427,120.28438654552215,112172300,-0.024938520259097596,0.24899963859994662,126.99101689656575,125.84668502807617,2021,5
121.81474304199219,122.96495055227784,121.12267010296466,121.43459040557941,105861300,0.0179196941058144,0.24848576772917078,127.08937377929688,125.8143229675293,2021,5
124.23214721679688,124.66104050346152,122.67254540633638,123.06244771814352,81918000,0.019844922826552702,0.2539462856270518,127.24073944091796,125.8259561920166,2021,5
123.08192443847656,123.72526428981506,122.00969878967952,123.61804098125864,74244600,-0.009258656507909024,0.2467193253860503,127.25969797770182,125.81083251953125,2021,5
121.6977767944336,123.78374532662899,121.62954445690447,123.36460169987382,63342900,-0.011245742625147548,0.24885128730211498,127.2224629720052,125.74640190124512,2021,5
121.54182434082031,121.76601312715728,119.75802646818856,120.05045503106065,92612000,-0.0012814733162850311,0.24550669425972577,127.12521158854166,125.68935127258301,2021,5
124.09565734863281,124.49530918227134,121.94145662294912,122.06817912472063,76857100,0.02101196869195565,0.24681020553750552,127.03329315185547,125.64802513122558,2021,5
122.26313018798828,124.76824225453443,122.04868358173061,124.59278661639331,79295400,-0.014767053092730298,0.24190249229351,126.79465866088867,125.54251235961914,2021,5
123.8909683227539,124.70976380781524,122.76025995557121,122.82849229292907,63092900,0.013314219358384616,0.24321552844517064,126.66737340291341,125.47096153259277,2021,5
123.69601440429688,125.08016771850949,123.13065653206684,124.59278434432386,72009500,-0.0015735926605170425,0.23117913876464316,126.43011805216472,125.40863517761231,2021,5
123.64725494384766,124.17362176824885,123.22811140423737,123.75447822863858,56575900,-0.00039418780535527276,0.22610031082448853,126.26908365885417,125.35582901000977,2021,5
122.11690521240234,124.41732007226534,121.92195782567474,123.24762087836753,94625600,-0.0123767384252913,0.22021542506161348,125.97691930135092,125.31958930969239,2021,5
121.46382904052734,122.6237861257757,121.40534630909178,122.3995899273286,71311100,-0.005347958750994253,0.22040190753019756,125.67401479085287,125.2612728881836,2021,5
121.14216613769531,122.18515038351808,120.8107540580726,121.9219706400981,67637100,-0.0026482196829535898,0.2192894120945598,125.3383305867513,125.2425894165039,2021,6
121.9024658203125,122.07792145343016,120.9179717914318,121.14216055572481,59278900,0.0062760945000190915,0.2185082408844849,125.0841064453125,125.18953369140625,2021,6
120.42086029052734,121.69778300232346,120.02120840977952,121.5320769508381,76229200,-0.01215402428338963,0.21996219492251953,124.76784489949544,125.11068214416504,2021,6
122.71151733398438,122.97470451422886,120.72302254551224,120.93746915555829,75169300,0.019022094991935745,0.22663979738639906,124.57853978474935,125.08456703186035,2021,6
122.72126770019531,123.1306617200527,121.67828344764422,122.98444744531308,71057600,7.945762893957209e-05,0.2191008552859958,124.31235936482747,125.06029830932617,2021,6
123.54004669189453,125.21662849111421,123.0234294041827,123.40358202860334,74403800,0.006671858978017253,0.2200904360754561,124.0604970296224,125.02390975952149,2021,6
123.92021179199219,124.52456067367201,123.32561251203367,123.99819373222839,56877900,0.003077262072320286,0.22054934019330644,123.83201090494792,125.0105615234375,2021,6
122.92595672607422,124.95344236430199,122.7602506959565,123.81297704481983,71186400,-0.00802334866556631,0.22096521174625863,123.59665654500326,125.00446899414062,2021,6
124.13467407226562,124.22240562529288,122.91623399021204,123.3353776759092,53522400,0.009832889475775097,0.22350216209711002,123.40483678181967,125.00375938415527,2021,6
127.18560791015625,127.24409063710856,123.86170821216966,124.592772046137,96906500,0.02457761186140872,0.23179874784136456,123.3802365620931,124.99274955749512,2021,6
126.36685180664062,127.30262029411195,126.1231638006209,126.65928038857137,62746300,-0.00643749019223927,0.23112632605093478,123.29331436157227,124.92652473449706,2021,6
126.86396026611328,127.58528206314801,125.21664196538165,127.07840688486591,91815000,0.003933851736951599,0.2064471193623239,123.37508900960286,124.84389465332032,2021,6
128.4625244140625,129.203345250585,126.37655629930642,126.52277798345058,96721700,0.012600616791372587,0.2092808768752341,123.50203959147136,124.73984176635742,2021,6
127.16614532470703,128.1896229684165,126.95169870686416,127.40983331102534,108953300,-0.01009149629643702,0.2086627117476414,123.532581837972,124.62049339294434,2021,6
128.95968627929688,129.06690958900398,125.9477063159808,127.01018237446559,79663300,0.014103918539090765,0.21201471493088198,123.60048929850261,124.52976860046387,2021,6
130.59725952148438,130.69474066397615,128.29684436989922,128.7939773736595,74783600,0.012698334568222336,0.19930565964131713,123.83215611775717,124.50371040344238,2021,6
130.32435607910156,130.92871251033458,129.86622139067492,130.39259586711862,60214200,-0.002089656730797751,0.19773622248156209,124.085267384847,124.52476844787597,2021,6
130.04165649414062,131.240597184488,129.5737648661965,131.05539194095186,68711000,-0.002169199936728261,0.18100752972217649,124.43097966512045,124.52181755065918,2021,6
129.74925231933594,130.50955776565635,129.45682371531962,130.0904215029444,70783700,-0.0022485423724040166,0.17576634507122127,124.69546330769857,124.50768348693848,2021,6
131.37705993652344,131.83519451956099,129.98317185834844,130.04165459260284,62111300,0.012545795741320864,0.17058288245252298,124.93362706502279,124.52002983093261,2021,6
132.88795471191406,133.0439186165466,130.95794973108042,131.39658519851488,64556100,0.011500445938740222,0.1693662636157889,125.26049474080403,124.51396369934082,2021,6
133.50204467773438,133.94068011687085,132.439553660315,132.7319822442512,63261400,0.004621110823411989,0.1642498172662588,125.65397033691406,124.51817405700683,2021,6
133.80418395996094,133.86266668828733,132.33229922059724,133.15110203776288,52485800,0.002263180934463538,0.16374075077344638,126.06271565755209,124.52394599914551,2021,7
136.42628479003906,136.46526832234767,134.27207651002422,134.41828334809892,78852600,0.019596553354884305,0.16245365468317347,126.47373657226562,124.56469673156738,2021,7
138.4342803955078,139.53574001915328,136.53351700878477,136.53351700878477,108181800,0.014718539089143112,0.15646214042494147,127.01277491251628,124.63156044006348,2021,7
140.919921875,141.23183482081484,139.05814174627804,139.9159135024217,104911600,0.017955389896134655,0.15936380282642884,127.58040669759114,124.72581092834473,2021,7
139.6234588623047,140.42274763655988,137.11833949517367,138.00536723887996,105575500,-0.00919999809427452,0.1633113486408796,128.11132151285807,124.804761428833,2021,7
141.4462432861328,141.97260274724476,139.04834716131978,139.1458282969305,99890800,0.013055001205963146,0.16474331028055705,128.7046211242676,124.9231534576416,2021,7
140.8516387939453,142.62569425576672,140.36426288116348,142.51847096001342,76299700,-0.004203748918129024,0.1590531725269356,129.32911224365233,125.05846710205078,2021,7
141.96287536621094,143.7369310790402,140.00362927408963,140.39352411006757,100827100,0.007889411736921925,0.15630503732721873,130.0124137878418,125.21588912963867,2021,7
145.3842315673828,145.79364043052715,143.95134516697595,144.3607540301203,127050800,0.024100358578579506,0.16360244392441545,130.82048263549805,125.4059676361084,2021,7
144.73114013671875,146.21276700697837,143.37623575739534,145.47196100861444,106820300,-0.004492175139099386,0.16648184036068267,131.58143844604493,125.62717445373535,2021,7
142.69393920898438,145.97884856339024,142.1968210625346,144.7116829108476,93251400,-0.014075760930301162,0.16836438329335962,132.3238744099935,125.82937133789062,2021,7
138.85337829589844,140.43248618215895,138.09307315098926,140.12055849525734,121434600,-0.02691467440296247,0.18830311766526847,132.8619364420573,125.99812545776368,2021,7
142.4600067138672,143.38603306380864,139.35056015600642,139.83793618290784,96350000,0.025974365638284924,0.19808616677624696,133.5198944091797,126.24537307739257,2021,7
141.7289276123047,142.4405072449087,140.97837931958148,141.85565012536404,74993500,-0.005131819929160009,0.20019394619519332,134.12619043986004,126.48268249511719,2021,7
143.0935516357422,144.4581980577568,142.12854210433372,142.2552645840674,77338200,0.009628408585510506,0.20064219103944336,134.76530176798502,126.67009475708008,2021,7
144.80918884277344,144.96515276915133,143.21059578124644,143.82469444539782,71447400,0.011989619290452502,0.19781897478710136,135.49474283854167,126.90064514160156,2021,7
145.22828674316406,146.04707474588002,143.97084849928373,144.5264642055409,72434100,0.0028941388577603533,0.19753587699458236,136.19786326090494,127.16516342163087,2021,7
143.06434631347656,145.4427434254304,141.87514775749966,145.35500444699645,104818600,-0.0149002682481163,0.19722842546977967,136.72715454101564,127.4268228149414,2021,7
141.3195037841797,143.25926511063363,138.9411071473103,141.1537977724019,118931200,-0.012196208029872424,0.20055575580361346,137.22557627360027,127.65848098754883,2021,7
141.96287536621094,142.84990322262558,140.92964066468824,141.03686397561236,56699500,0.004552602894882796,0.2005670438923379,137.7288734436035,127.94581176757812,2021,7
142.17733764648438,142.63547230965827,140.47152152252852,140.73470874624329,70440600,0.0015106927055414943,0.19892283706025463,138.18603388468424,128.1892594909668,2021,7
141.8459014892578,143.2397895751834,141.582714310116,142.6646895204393,62880000,-0.0023311461778153797,0.19557122881640351,138.67535909016928,128.44019439697266,2021,8
143.6394500732422,144.30227426975748,141.51448305654833,142.12858155366985,64786600,0.012644345484456698,0.1949426477928375,139.16468454996746,128.68979736328126,2021,8
143.2397918701172,144.058579914417,142.58670986762564,143.5517196242508,56368300,-0.002782370740915585,0.19387485342803426,139.5861022949219,128.94445343017577,2021,8
143.34701538085938,144.107320690727,142.47948676454712,143.26903344221475,46397700,0.0007485595262481937,0.193381323088716,140.0201909383138,129.1713779449463,2021,8
142.66366577148438,143.61059289976055,142.16580285802874,142.86867690985883,54126800,-0.004767100365217991,0.1941591304027912,140.44092458089193,129.37609413146973,2021,8
142.61485290527344,143.21034301067533,142.05841963396023,142.72223685529076,48908700,-0.0003421534554504113,0.1937754939262231,140.86977793375652,129.58820419311525,2021,8
142.1365203857422,144.19632898598317,141.84365370926938,142.95653516321173,69023100,-0.003354016147595562,0.19260797576242158,141.22842661539713,129.83669319152833,2021,8
142.3903350830078,143.2298783064216,142.06818321748432,142.57581781429272,48493500,0.001785710643378735,0.19079960807522175,141.54517262776693,130.09297500610353,2021,8
145.3482666015625,145.50446416374155,142.37081574173467,142.71249604702388,72282600,0.020773400925212515,0.19805722705961537,141.94004669189454,130.34575065612793,2021,8
145.5532684326172,145.88517705910473,144.7430103885552,145.42635605950554,59375000,0.0014104181346492606,0.19809695538126884,142.33168284098306,130.60884780883788,2021,8
147.52520751953125,147.59354953492934,142.98582599022765,145.00657783567002,103296000,0.013547885994926734,0.19440404871198166,142.70164693196614,130.91550537109376,2021,8
146.61729431152344,148.07184077376138,145.54345506788576,146.65633624046745,92229700,-0.006154292024212915,0.19257885805223884,142.9744140625,131.20821807861327,2021,8
142.8784637451172,147.13475089008148,142.67345256358962,146.23663716721276,86326000,-0.025500610851965422,0.20221177341330274,143.0396987915039,131.45750923156737,2021,8
143.2103271484375,144.4794059910355,141.06266328178802,141.58005455752308,86960300,0.002322697169479193,0.20013662575500016,143.15926106770834,131.70836753845214,2021,8
144.6649169921875,144.96754045087513,143.28845394220284,143.93275769698107,60549600,0.010157017812286062,0.19878172057081628,143.26655019124348,131.98827087402344,2021,8
146.14874267578125,146.6173203855108,144.3720292286724,144.78203658666285,60131800,0.01025698361734717,0.2000165694716032,143.44312032063803,132.26111793518066,2021,8
146.0609130859375,147.2714219782902,145.602092007955,145.89495874434272,48606400,-0.0006009602835831407,0.19910058167061312,143.57972157796223,132.5248152923584,2021,8
144.8308868408203,146.7442698916124,144.28421022511418,146.24639198416384,58991300,-0.008421323810248071,0.1883697386714704,143.5612767537435,132.747992477417,2021,8
144.03036499023438,145.57278230599707,144.00107981111,144.82110951404735,48597200,-0.005527286810483756,0.18860517114366193,143.537917582194,132.96014785766602,2021,8
145.06517028808594,145.2115961914639,143.33727014912955,143.97180225819312,55802400,0.007184632892666354,0.18493892210860835,143.61695861816406,133.16620590209962,2021,8
149.47760009765625,149.8388087234133,145.07488865020937,145.45561079403902,90956700,0.030416879536332875,0.1854240751709136,143.97109934488932,133.39244979858398,2021,8
148.2183380126953,149.16526528048843,147.69117494824357,149.02859613337498,86453100,-0.008424420007668298,0.17407962311999117,144.1630437215169,133.580411529541,2021,8
148.88214111328125,151.29338682527435,148.71618680019012,149.19453621732464,80313700,0.004478549074872884,0.1731819086716067,144.40148417154947,133.7921376800537,2021,9
149.99502563476562,151.0395800272227,148.77476016459727,150.20979354918074,71115500,0.007474936303055957,0.17243607789148768,144.63153330485025,133.98395118713378,2021,9
150.6295623779297,150.9517142276546,149.44833892893834,150.10239938899159,57808700,0.004230385244302415,0.16983137004029797,144.82554575602214,134.20546394348145,2021,9
152.96273803710938,153.5191714127496,150.7174463222015,151.2836513561049,82278300,0.01548949371123931,0.1746683052954978,145.08336079915364,134.42627296447753,2021,9
151.4202880859375,153.30437064554417,150.31716343749,153.24580029178898,74420200,-0.010083828067968259,0.17119242332420836,145.361892191569,134.63496620178222,2021,9
150.40504455566406,152.39651120399355,150.28788894400816,151.79126431107525,57305700,-0.006704805169154393,0.16795858111429907,145.66474355061848,134.82688972473144,2021,9
145.42636108398438,151.7814983871202,145.1627795675759,151.31292061025323,140893200,-0.03310183834849434,0.19630765250966395,145.78019307454426,134.9858614349365,2021,9
145.9925537109375,147.81806596111582,145.21158088499752,147.04686479158386,102404300,0.003893328711059185,0.19649576247198372,145.90736694335936,135.1466999053955,2021,9
144.59657287597656,147.4764113119793,143.41536423851278,146.77353720711707,109296300,-0.009562000249169866,0.19865304198305106,145.99905598958333,135.3087589263916,2021,9
145.4849853515625,145.88523615519034,142.88825585423365,145.0261641661012,83281300,0.006144076985475699,0.19613883852709488,146.06057383219402,135.45654197692872,2021,9
145.25062561035156,145.42635157507343,143.71798000246844,144.90896023332135,68034100,-0.0016108861037763544,0.19599783768689885,146.12760162353516,135.59808906555176,2021,9
142.58560180664062,145.27995796165817,142.29273506424897,145.27995796165817,129868800,-0.01834776127477833,0.20349130258358758,146.1022211710612,135.7161971282959,2021,9
139.53981018066406,141.39460787991925,137.909537174392,140.37935348466607,123478900,-0.021361144374920427,0.21229300389666683,145.9980926513672,135.8117293548584,2021,9
140.0181121826172,141.1602935933769,139.38358019514303,140.50621829477157,75834000,0.0034277099942578992,0.21262157966507336,145.91153462727866,135.91301780700684,2021,9
142.38058471679688,142.94677480134484,140.28171911608493,141.01387841720836,76404300,0.016872620958483298,0.21828920594345827,145.91967010498047,136.05758750915527,2021,9
143.3372802734375,143.58133339351843,142.17558503852095,143.16155428115266,64838200,0.006719283802237186,0.2190775714407112,145.95123494466145,136.201215133667,2021,9
143.42514038085938,143.96206024126909,142.097490769583,142.19511797904687,53477900,0.0006129606146723088,0.2103340427100273,145.8871307373047,136.39135932922363,2021,9
141.91197204589844,142.48794860245857,140.39885495340664,142.00959923062172,74150700,-0.010550230809903915,0.2123071938329688,145.76575419108073,136.56393898010253,2021,9
138.53431701660156,141.3067568929059,138.31954907870838,139.8424381686271,108972300,-0.02380105765991647,0.21795946123713006,145.46605784098307,136.68678337097168,2021,9
139.43238830566406,141.01384728022984,138.65141557774692,139.08095132289213,74602000,0.006482662984904186,0.21894266762119488,145.2265609741211,136.81188262939452,2021,9
138.13404846191406,140.9455448156453,137.9192805517919,140.2426707272125,89056700,-0.009311608726831677,0.20834481421725282,145.06841379801432,136.9567505645752,2021,9
139.2566680908203,139.5202495626883,135.80088336468526,138.52450892126643,94639600,0.00812703052872421,0.20983308656842953,144.9366251627604,137.12200706481934,2021,10
135.83018493652344,138.82716398233575,134.98088496397907,138.38785651091933,98322000,-0.02460552303364172,0.21801855305259482,144.6421340942383,137.28360603332519,2021,10
137.75331115722656,138.8564357660988,136.04493972017434,136.17185207930245,80861100,0.014158312613664181,0.2202077488975609,144.36228637695314,137.44299171447753,2021,10
138.6221160888672,138.7685419433114,135.0784614531743,136.15230070514616,83221100,0.006306962238090907,0.22146209081144647,144.11432647705078,137.58689140319825,2021,10
139.88145446777344,140.7893396562003,139.32502120039112,139.65692980871162,61732700,0.009084685867144948,0.22261744103646258,143.94934539794923,137.75488670349122,2021,10
139.500732421875,140.7502829805711,139.16882381318146,140.60385709315267,58773200,-0.0027217478353154245,0.2222767806946833,143.79835764567056,137.93291625976562,2021,10
139.41290283203125,141.3653278052875,138.43669034540312,138.88575464341304,64452200,-0.0006295994889700118,0.2209355608945307,143.60994873046874,138.11162704467773,2021,10
138.14378356933594,139.84239816609858,137.68496264197734,139.82286975119803,73035900,-0.009103312798990904,0.20048930305574866,143.2321548461914,138.25210830688476,2021,10
137.55807495117188,138.0364094315763,135.88874541033104,137.88022678873125,78762700,-0.004239847809511366,0.19978896667547796,142.87681274414064,138.4050577545166,2021,10
140.3402862548828,140.45744186952987,138.1438084019397,138.72954178771872,69907100,0.02022572142492196,0.20948320489891475,142.5920842488607,138.5695509338379,2021,10
141.39459228515625,141.45316264244676,140.0962280805495,140.35005282323274,67940300,0.007512497362009318,0.20949781287787414,142.30540313720704,138.74653671264647,2021,10
143.06390380859375,143.34699879821167,139.75454497889402,140.03763996851194,85589200,0.011806049272881092,0.21254673800617443,142.05321451822917,138.94070320129396,2021,10
145.22132873535156,145.62157933226285,143.06390800766076,143.51295730034732,76378900,0.015080148586216646,0.21226337331840517,141.7951675415039,139.17174743652345,2021,10
145.70945739746094,146.18780683574556,144.59657585778285,145.16278083703227,58418800,0.0033612739007431447,0.21119139539828127,141.60480651855468,139.4142037200928,2021,10
145.92420959472656,146.0804071368253,144.35250720492448,145.27014914498275,61421000,0.001473838425462226,0.21066669858619483,141.4554453531901,139.66202415466307,2021,10
145.1529998779297,146.60754657748723,145.10418628692474,146.129212114762,58883400,-0.005285001844030801,0.18794467035108922,141.4463333129883,139.89452949523925,2021,10
145.104248046875,145.81687911224734,144.1085069706654,145.1432899988062,50720600,-0.00033586512917882505,0.1875837714916539,141.4167231241862,140.14136337280274,2021,10
145.76803588867188,147.2518679421637,145.46539754636262,145.77779264971988,60893400,0.004574558296752462,0.1858775096093254,141.45577189127604,140.37192855834962,2021,10
145.3092498779297,146.1683068273683,144.95781274994326,145.80711293598463,56094900,-0.0031473704639375377,0.1853042788583861,141.44991404215494,140.59780838012696,2021,10
148.94073486328125,149.5264533730465,146.15852353048365,146.25615073002083,100077900,0.02499142338428051,0.19881021647244712,141.57291768391926,140.8518152618408,2021,10
146.2366180419922,146.373287179863,142.92725865743117,143.7179883048137,124953200,-0.0181556565017037,0.19864920999239816,141.69461822509766,141.07497932434083,2021,10
145.41661071777344,146.13899838558393,144.2842007193759,145.44589589912687,74588300,-0.005607400767318693,0.1882715153279816,141.89051157633463,141.29988586425782,2021,11
146.45138549804688,147.96451766703325,145.11396440756303,145.12373606469237,69122000,0.007115932458924723,0.1889115517870253,142.1049540201823,141.52305297851564,2021,11
147.88641357421875,148.35499132920407,146.25614074482093,146.81257403590004,54511500,0.009798665074363555,0.18500336315380714,142.28848164876302,141.73006103515624,2021,11
147.3690185546875,148.80403696262286,147.0566234619275,147.97426542713765,60394600,-0.0034985973831300754,0.18478756258677206,142.4228729248047,141.94008270263672,2021,11
147.89694213867188,148.79636649786093,146.70422366033108,148.49330137784227,65463900,0.003582324081153221,0.18493516580501956,142.57193298339843,142.1504125213623,2021,11
147.0757293701172,148.18046407919945,146.80199217243356,148.02403856122066,55020900,-0.00555260140392011,0.1827562069954029,142.74405822753906,142.33654457092285,2021,11
147.43746948242188,148.04359979638906,146.7042415538898,146.84111017051336,56787900,0.0024595500144988236,0.16660344635956162,143.04082997639975,142.5392578125,2021,11
144.612060546875,146.7726448402154,144.54363371528353,146.66510417552323,65187100,-0.0191634388833819,0.17703742886356752,143.21348571777344,142.69578155517578,2021,11
144.5631866455078,146.0882980655143,144.37743321812488,145.62882237351127,41000000,-0.0003379655969382167,0.17426233787922732,143.42779032389322,142.835440826416,2021,11
146.63580322265625,147.03662312152338,144.18192440007093,145.11067671997742,63804000,0.014337098020887007,0.1771958147199945,143.67376149495442,142.99855529785157,2021,11
146.6455535888672,148.48351596746593,146.08829332480207,147.00727451410145,59222800,6.649376207334967e-05,0.15873448521883582,144.03427378336588,143.16459426879882,2021,11
147.62318420410156,148.1022316953491,146.00030323462437,146.58689139053743,59256200,0.006666622964752511,0.1554473393021709,144.36326955159504,143.3433335876465,2021,11
150.0574951171875,151.5337214852073,147.61340283516802,147.62317383397615,88807000,0.016490031198082677,0.16041888516079378,144.74444885253905,143.5301379394531,2021,11
154.3395233154297,155.12163577174246,149.62732149892645,150.27256539420105,137827700,0.02853591681573886,0.1762736666350901,145.22638448079428,143.74465362548827,2021,11
156.95965576171875,157.41914644005507,153.02955003283444,154.12449892543512,117305600,0.016976419195841252,0.17959798061971827,145.8083485921224,143.97922973632814,2021,11
157.41909790039062,161.99443143444842,157.39954098546454,158.064326917399,117467900,0.0029271352338422485,0.17909642598815512,146.40855509440104,144.21537887573243,2021,11
157.80043029785156,158.18170822428823,155.50297681960475,157.5169071447605,96041900,0.002422402380314992,0.1747654373079445,147.06377665201822,144.42912033081055,2021,11
158.31849670410156,158.51402106938352,156.06992920947715,157.1551065919777,69463600,0.0032830481214287666,0.17284480175125755,147.75579071044922,144.6279624938965,2021,11
153.3032684326172,156.8618668141861,152.8633347292546,156.00155632601601,76959800,-0.031678094321839545,0.1963368730643434,148.1878901163737,144.75179595947264,2021,11
156.6565704345703,157.58532267329434,155.2389847402696,155.8060160344783,88748200,0.0218736497677936,0.2034724741220524,148.69662272135417,144.9221270751953,2021,11
161.60340881347656,161.8184901598309,156.34371666317804,156.41215841772612,174048100,0.03157759910856961,0.21803239091653426,149.31460622151693,145.12369873046876,2021,11
161.08526611328125,166.49159798116264,160.85062784337472,163.7346542506034,152052500,-0.0032062609569910583,0.21651070040775883,149.8434041341146,145.3260350036621,2021,12
160.09786987304688,160.52803264766237,154.27116024660182,155.19014164372396,136739200,-0.006129649620096211,0.2183229636640032,150.3230178833008,145.50738494873048,2021,12
158.2207489013672,161.27098610748033,156.14816349171144,160.3520050545032,118023100,-0.011724834147813445,0.22255843464626798,150.73290252685547,145.6357501220703,2021,12
161.62295532226562,164.12570364495514,160.60620449270007,160.61597549233863,107497000,0.02150290934989396,0.22759228315907454,151.28190104166666,145.80466827392578,2021,12
167.3519287109375,167.74299254141582,164.57544264356054,165.2988995417756,120405400,0.03544653280995069,0.2450530980407617,152.02349039713542,146.0512481689453,2021,12
171.16470336914062,172.02502878126478,166.88264814477856,168.2806769394803,116998900,0.022782974104761156,0.25047769324812924,152.87004597981772,146.37436141967774,2021,12
170.65634155273438,172.7973693361273,170.03065436230736,170.9985205283445,108923700,-0.002970015466973286,0.2504250839993359,153.71494903564454,146.6563247680664,2021,12
175.43698120117188,175.61296364291238,170.78343380069845,171.29180928871014,115402700,0.02801325520599085,0.2526131305433421,154.59815724690756,146.9934053039551,2021,12
171.8099365234375,178.0570365302883,171.6046261840087,177.06961358561998,153237000,-0.020674345014950246,0.25476714353991536,155.45060119628906,147.28056915283204,2021,12
170.4314727783203,173.76521877848376,168.35888695654498,171.33089709564845,139380400,-0.008023189886512405,0.25577744800600255,156.28442993164063,147.5367919921875,2021,12
175.29031372070312,175.48583813344078,168.45662585148168,171.1940123824784,131063300,0.028509059173024376,0.2643734622605653,157.2457275390625,147.8374122619629,2021,12
168.4077606201172,177.08918279763162,166.93153397693786,175.27077720416733,150185800,-0.03926373884841228,0.29495106216281636,157.92977244059244,148.0908464050293,2021,12
167.3128204345703,169.59071677301714,165.89524955752734,166.12987292514003,195432700,-0.006501720476034145,0.2957866657937756,158.59456583658854,148.3507795715332,2021,12
165.95387268066406,166.76531314131543,163.7150906232475,164.51674516713837,107499100,-0.008122197392743669,0.29800735841893666,159.19646352132162,148.59068954467773,2021,12
169.1214599609375,169.3267554134747,165.33799395674112,167.72343104614094,91185900,0.019087154937135198,0.29968329843954955,159.9313212076823,148.86013076782226,2021,12
171.71217346191406,171.9272548095711,168.300214735498,169.17031112645324,92135300,0.015318656198775482,0.30111022287624184,160.7404780069987,149.15879348754882,2021,12
172.3378448486328,172.89510508509778,171.35043687369296,171.91746810959268,68356600,0.003643721782238929,0.2921524498205188,161.6646708170573,149.44577743530274,2021,12
176.29727172851562,176.38525547317582,173.11018066452525,173.1297226627458,74919600,0.02297479629828514,0.29553214206462575,162.72247365315755,149.7763522338867,2021,12
175.28053283691406,177.27492068975482,174.5375340801528,176.1310871789595,79144300,-0.005767184492606714,0.2968207762574056,163.67729797363282,150.09568740844728,2021,12
175.36856079101562,176.5906072567406,174.15628532669507,175.31967594887476,62348900,0.0005022118125546093,0.29674604894859385,164.63473154703777,150.42273635864257,2021,12
174.21493530273438,176.53194546765312,174.10739462067014,175.45653864701075,59773000,-0.006578291360080257,0.2990195351106916,165.52112325032553,150.7387371826172,2021,12
173.5989990234375,175.22186501048878,173.29591904054473,174.10735949284833,64062300,-0.0035354964155429602,0.29837670243420544,166.30584004720052,151.05336196899415,2021,12
177.93972778320312,178.79028222604728,173.73590007898758,173.85321176039008,104487900,0.02500434209980429,0.29612722480008774,167.09251352945964,151.40885589599608,2022,1
175.68136596679688,178.84891521802436,175.11433471652768,178.54585013474667,99310400,-0.012691723453448156,0.29811036082382814,167.71657053629556,151.71218688964845,2022,1
171.00828552246094,176.14088047095728,170.7345483186125,175.5934060632604,94537600,-0.026599750170539616,0.31098167390859044,168.16954345703124,151.96673706054688,2022,1
168.153564453125,171.37976954533002,167.80161453547433,168.83790737145776,96904000,-0.01669346640494207,0.3161552002529909,168.5146479288737,152.1730206298828,2022,1
168.3197784423828,170.24572473108867,167.2052727402814,169.02367835082143,86709100,0.0009884654529825898,0.3161639033647628,168.8480239868164,152.3900454711914,2022,1
168.33932495117188,168.64239004792708,164.40921985835627,165.2988731483881,106765600,0.00011612722503517858,0.2995189222208854,169.34922587076824,152.64465408325196,2022,1
171.16470336914062,171.26245812752686,166.99997473942338,168.46643037323963,76138300,0.016783828845626347,0.29712927056405536,169.83283030192058,152.924197845459,2022,1
171.60462951660156,173.21772467571947,170.91051556767007,172.1814317936139,74805200,0.002570191977677716,0.2846232109113261,170.16620432535808,153.19359497070312,2022,1
168.33932495117188,172.6702498945838,167.94826118313497,171.8490383580425,84505800,-0.019028068034223966,0.29084079443095046,170.4080062866211,153.41550079345703,2022,1
169.19964599609375,169.89375992557677,167.26391395832079,167.50832321300913,80440800,0.005110636181839379,0.2900578531468816,170.71139882405598,153.6468881225586,2022,1
166.00277709960938,168.6814931182034,165.6214992398613,167.67452813175186,90956700,-0.01889406374147007,0.29372795968054793,170.9707997639974,153.85860702514648,2022,1
162.51260375976562,167.25414945182573,162.22909557704548,166.19829964047344,94815000,-0.021024788866932487,0.29475682456020574,171.00045471191407,154.0434294128418,2022,1
160.83108520507812,165.88546757565922,160.50846314939517,163.24585020445963,91420500,-0.01034700396021715,0.27670278730703746,170.78309326171876,154.2010885620117,2022,1
158.7780303955078,162.61036568511253,158.67048972769118,160.74307541554964,122848900,-0.012765286057433656,0.26902930783180246,170.37020416259764,154.29409286499023,2022,1
158.00572204589844,158.67052310978175,151.24047430258736,156.44151145113545,162294600,-0.004864075638711496,0.26912249964853363,169.94851684570312,154.39196670532226,2022,1
156.20689392089844,159.12024903450944,153.50862021677167,155.42478106073412,115798400,-0.01138457583502872,0.25421245718855345,169.30751393636066,154.46521423339843,2022,1
156.118896484375,160.71378862428045,154.2907195812304,159.84369205931444,108275300,-0.0005633390070991506,0.2492026788310896,168.78447926839192,154.52645294189452,2022,1
155.6593780517578,160.1760566161972,154.74039680395836,158.8171416631375,121954600,-0.002943387654954277,0.24875945627795784,168.29207611083984,154.57675109863283,2022,1
166.5209503173828,166.54050723879885,159.15934320684596,162.00427111169125,179935700,0.0697778213016722,0.31418737090184085,167.99976399739583,154.71233322143556,2022,1
170.87139892578125,171.0864802658057,165.71924760028926,166.3547206203823,115541600,0.02612553315427668,0.30288730936649005,168.0818852742513,154.90684432983397,2022,1
170.70523071289062,170.93008309016165,168.45666218750117,170.11864243059435,86213900,-0.0009724752880545529,0.3021748718779642,168.194965616862,155.10984619140626,2022,2
171.90769958496094,171.94681342176997,169.45383589849953,170.84207875406224,84914300,0.007044124348437597,0.30146192460658655,168.39342651367187,155.374659576416,2022,2
169.033447265625,172.29876649074853,168.27089152715305,170.57811566132818,89418100,-0.016719741618759887,0.3010136440143768,168.39049275716147,155.60506851196288,2022,2
168.7495574951172,170.42345318106436,167.07566180917001,168.05454433189513,82465400,-0.0016794887349229626,0.29758374249641256,168.29173889160157,155.8465983581543,2022,2
168.0349578857422,170.27659202989256,167.3399448033814,169.20961378903462,77251200,-0.00423467545623446,0.29752633599891026,168.14830932617187,156.0720980834961,2022,2
171.13804626464844,171.64706939744136,167.80983647215697,168.1035042386361,74829200,0.018466921514130652,0.2946857670297373,167.97633514404296,156.33097229003906,2022,2
172.55738830566406,172.91957001402486,171.20652581374105,172.33224953586358,71285000,0.008293550569233199,0.29545405078771125,167.88556365966798,156.6306901550293,2022,2
168.48526000976562,171.77430598076174,167.92730472233933,170.46260694632986,90865900,-0.023598689896054514,0.3030049769812298,167.65612030029297,156.9201446533203,2022,2
165.07875061035156,169.4249914689082,164.4914151129285,168.69082956541044,98670700,-0.020218441656063124,0.3076670549211921,167.35158081054686,157.17075103759765,2022,2
165.313720703125,165.9989356288058,163.04270559336564,163.83559821712237,86185500,0.0014233818217346261,0.3077338821305754,167.07540486653645,157.40008239746095,2022,2
169.14112854003906,169.29775335068365,166.65477315145358,167.35956986279012,62527400,0.023152390622115604,0.30639432524253346,166.78211822509766,157.65812088012694,2022,2
168.9062042236328,169.67951494494773,166.45899759893967,168.2209893560315,61177400,-0.001388924848935491,0.3045563799688575,166.55627950032553,157.9129315185547,2022,2
165.313720703125,168.2797341887302,164.91237519788157,167.41831260412283,69589300,-0.02126910338800425,0.3010551521511966,166.36646067301433,158.14694900512694,2022,2
163.76708984375,166.93866044821442,162.68052937533312,166.23387859788448,82772700,-0.009355731954956648,0.2984624002320218,166.22024485270182,158.39927673339844,2022,2
160.84999084472656,163.16993775264925,158.72580252665216,161.4960419882263,91162800,-0.01781248602394192,0.3024780229373527,165.97125193277995,158.61345275878907,2022,2
156.68975830078125,162.6413518716535,156.37650867254357,162.04423283731927,90009200,-0.02586405210281495,0.31065291778461646,165.5829330444336,158.79900985717774,2022,2
159.30337524414062,159.4110529381091,148.7901697172211,149.3579234730035,141147500,0.01668020278863591,0.3105980132071106,165.18755544026692,158.99947692871095,2022,2
161.3688201904297,161.6331077669388,157.47285626304333,160.38013909716133,91974200,0.012965481384959121,0.3134363605373449,164.8463617960612,159.25486328125,2022,2
161.63308715820312,161.92675492011216,158.99989062280463,159.61659142915732,95056600,0.0016376581762298503,0.30929726942826946,164.62282053629556,159.49366104125977,2022,2
159.75364685058594,163.0818568508139,158.5496253630897,161.22197083806662,83474400,-0.01162781915919009,0.310145182941101,164.30795389811198,159.70497634887695,2022,3
163.04269409179688,163.82580321014547,159.50892707803538,160.91852050375005,79724800,0.020588245126492266,0.31226309083598497,164.20928446451822,159.93658874511718,2022,3
162.7196502685547,165.3430634011942,162.05401727070716,164.91235266773373,76678400,-0.0019813449786367787,0.3061597347489173,164.2161860148112,160.16877792358397,2022,3
159.72430419921875,162.05405003585454,158.67690737340956,161.01643666085187,83737200,-0.01840801688297866,0.30945085615711754,164.17929331461588,160.37189193725587,2022,3
155.93601989746094,161.5352302369313,155.68150083148916,159.91028134097652,96418800,-0.023717644730089527,0.3149408746436691,164.08455963134764,160.54981430053712,2022,3
154.1152801513672,159.44040392728598,152.50991327214726,155.46614292973925,131148300,-0.01167619737435277,0.3163926162583476,163.9548782348633,160.71538635253907,2022,3
159.50894165039062,159.95923428896205,156.04370327606966,158.06998280822745,91454900,0.03499757774651524,0.33093169022292795,164.06494649251303,160.90707290649414,2022,3
155.17250061035156,157.00300660733848,152.6861300144377,156.81701649151432,105342000,-0.027186194047626566,0.34080558152463747,164.0333999633789,161.0448519897461,2022,3
151.46253967285156,155.9164596416208,151.23740079888486,155.57384466842046,96970100,-0.023908623776167426,0.34773423857669566,163.8935053507487,161.12883834838868,2022,3
147.4392852783203,150.86537421208124,146.9302771053436,148.2517595892854,108732100,-0.026562702587855647,0.28444713089214196,163.2574498494466,161.15101791381835,2022,3
151.81491088867188,152.28478532825997,147.20438184151632,147.713390079557,92964300,0.029677474372530543,0.28787017103197066,162.62223358154296,161.21207244873048,2022,3
156.2199249267578,156.62127051723462,151.19826559766543,153.73356882938677,102300200,0.02901568767060181,0.3031236800698327,162.13939005533854,161.31502960205077,2022,3
157.2281494140625,157.6001296550613,154.3012994227279,155.26060037752023,75615400,0.0064538789643984185,0.30296230932595375,161.6500717163086,161.4357810974121,2022,3
160.51718139648438,161.00662274780382,156.38629519642316,157.1204572234023,123511700,0.020918849421550867,0.30753482233887,161.36619618733724,161.5899104309082,2022,3
161.8876190185547,162.83713639325782,159.56765695852218,160.05709828830467,95811400,0.008537638215097232,0.30891727572687017,161.13746490478516,161.75110626220703,2022,3
165.25497436523438,165.84229498697943,161.42753966012307,162.01486028186812,81532000,0.020800573676321266,0.3152369741947775,161.0447987874349,161.9505635070801,2022,3
166.61563110351562,168.99430889731204,164.1096788423283,164.44251031244588,98062700,0.008233680973947832,0.31129519638254416,160.89405161539713,162.12731246948243,2022,3
170.39414978027344,170.4626638147334,166.61566127290448,167.44770275744602,90131400,0.022678056384819456,0.3176362131338277,160.8219436645508,162.36888778686523,2022,3
171.0303955078125,171.57856745870845,169.10199529276142,170.20813758146855,80546200,0.003733964624721642,0.30994545471278434,160.9067815144857,162.62502563476562,2022,3
171.8917999267578,172.0190445148475,168.36781639958284,168.53422465828777,90371900,0.005036557486683524,0.30372600130860816,161.13388315836588,162.87942977905274,2022,3
175.18084716796875,175.22977935165113,172.6161644453855,172.95877935054617,100589400,0.01913440456503679,0.3079819630683621,161.46278737386066,163.15237411499024,2022,3
174.01597595214844,175.81711647524634,172.96856432856262,174.77950323773482,92633200,-0.006649535235455306,0.30235397553612364,161.62528228759766,163.41884368896484,2022,3
170.92269897460938,174.27047582290578,170.7171270473916,174.08448573079536,103049300,-0.01777582179230297,0.30722773339736414,161.69249877929687,163.64910125732422,2022,3
170.6290283203125,171.18699858724577,168.30908127405286,170.35494237968112,78751300,-0.0017181489413556905,0.300294777563694,161.8696756998698,163.88463424682618,2022,4
174.67184448242188,174.720791608407,170.75631338866327,170.88357292891146,76468400,0.023693601270001974,0.3054059425784713,162.23316752115886,164.15697799682619,2022,4
171.36318969726562,174.53477477488693,170.73670541562527,173.7516656886956,73401800,-0.018942118547842002,0.30607016751471416,162.58360748291017,164.42448928833008,2022,4
168.20140075683594,169.963392443072,166.5373033062765,168.72020734548278,89058800,-0.018450805835345307,0.30085380596530614,162.967328898112,164.66087142944335,2022,4
168.5048828125,169.69912101079552,166.2632477962957,167.5455818608837,77594700,0.0018042778139690796,0.2978522732343468,163.2740458170573,164.8795622253418,2022,4
166.4981689453125,168.15248323813117,165.6269638660641,168.15248323813117,76575500,-0.011908936012379079,0.29864988767558087,163.4450241088867,165.07808837890624,2022,4
162.2498016357422,165.4605355802755,162.00508096962494,165.14730089465874,72246700,-0.02551600018475708,0.3085213981342809,163.46558125813803,165.22435455322267,2022,4
164.1194610595703,166.28278325109693,163.1209966207163,164.47185939466212,79265200,0.011523338734340083,0.3080337616274018,163.6111083984375,165.36497421264647,2022,4
166.80160522460938,167.42808955183875,163.24827119923606,163.85517369033073,70618900,0.01634263327287866,0.3059360093376703,163.7364054361979,165.48959503173828,2022,4
161.79949951171875,167.65322825491936,161.55477886000992,167.01694559853848,75329400,-0.029988354765261183,0.3187590933986848,163.7057337443034,165.53799346923827,2022,4
161.58419799804688,163.08188755230427,160.1158737341422,160.45847376711322,69023900,-0.0013306686010872149,0.3139936720753615,163.76773020426432,165.57964447021484,2022,4
163.8649444580078,164.2760883021938,160.44865367684753,161.53521398147984,67723800,0.014114910295798255,0.3076401321188342,164.0320276896159,165.6402896118164,2022,4
163.69851684570312,165.31368193809578,162.59238977382873,165.19620588083708,67929800,-0.001015638902238436,0.3051124776338413,164.35146891276042,165.6940898132324,2022,4
162.9056396484375,167.90773030576432,162.40641490220864,165.34306268686478,87227800,-0.004843520958793812,0.2893298082741272,164.46469217936198,165.79011352539064,2022,4
158.3734130859375,164.32502122927878,158.08954369720692,162.94480808191494,84882400,-0.027821176555218652,0.28987008805912445,164.5713892618815,165.8072819519043,2022,4
159.44039916992188,159.72426854560663,155.113739965227,157.71755627231695,96046400,0.006737154066417617,0.2805909239789312,164.83731791178386,165.78565185546876,2022,4
153.48880004882812,158.91180327087787,153.41048764569481,158.82370741856425,95623200,-0.03732804955380786,0.2915873751915425,165.03896840413412,165.70968719482423,2022,4
153.2636260986328,156.4156137171025,152.09875364091826,152.61756012327783,88063200,-0.0014670383123959185,0.27914526280916274,165.0872589111328,165.64134475708008,2022,4
160.18435668945312,161.04577820352466,155.57381282317428,155.88706244158715,130216800,0.045155727859175654,0.29684732263830443,165.219406636556,165.66098083496092,2022,4
154.3208465576172,162.69029635210208,153.92929946524063,158.42236732431553,131747600,-0.036604761245215944,0.31561781162812425,165.12249654134115,165.58795974731444,2022,4
154.62429809570312,154.88858563658798,150.0333364297974,153.40069487713816,123055300,0.001966367764659971,0.3091921417253769,164.92606709798176,165.4606834411621,2022,5
156.11215209960938,157.31618813752036,153.01889524315112,154.81023678919584,88966500,0.009622381619384113,0.30950063427214114,164.73355153401693,165.3101579284668,2022,5
162.5140838623047,162.9643614673084,155.89682831665468,156.29817374379095,108256500,0.041008542106385715,0.32693489042226903,164.6421885172526,165.2287353515625,2022,5
153.45944213867188,160.61507214954577,151.67786848905013,160.38993331507154,130525300,-0.05571604324031787,0.3628995571137882,164.20364888509116,165.0089599609375,2022,5
154.1848602294922,156.30235682996496,151.1458596477854,152.93984857664353,116124600,0.004727099751638653,0.3557427306640195,163.66333923339843,164.83270919799804,2022,5
149.0675811767578,152.7633948486293,148.50880608897836,151.8810971374127,131577900,-0.03318924468406104,0.36555528725055836,162.93124542236328,164.61907028198243,2022,5
151.46939086914062,153.6555174482576,149.92048190900607,152.45952464307157,115366700,0.01611222019853442,0.36940604665668875,162.25049845377603,164.3808610534668,2022,5
143.6169891357422,152.39085681137783,142.94056542836282,150.4792343504193,142689800,-0.05184150862653425,0.3876968802742883,161.19836985270183,164.13295333862305,2022,5
139.75454711914062,143.32291464808353,136.06854586723028,139.9604210928437,182602000,-0.026894046726957277,0.3922639417398868,160.0563222249349,163.85737060546876,2022,5
144.2150115966797,145.18553469561974,140.2937279042498,141.74459868206603,113990900,0.03191641752977459,0.4065635961507991,159.16606597900392,163.6399819946289,2022,5
142.67591857910156,144.61696502202452,141.3426813570236,142.68573136301794,86643800,-0.010672210892181178,0.4067008999690714,158.2342956542969,163.37552658081054,2022,5
146.30308532714844,146.82265416778552,143.79345144967377,145.93055862687706,78336300,0.02542241735094164,0.40781328989472626,157.2886703491211,163.1214356994629,2022,5
138.04881286621094,144.46010573899827,137.1469043666091,143.960147405131,109742900,-0.056418991045063205,0.4322264203971002,156.17819112141927,162.77854537963867,2022,5
134.64707946777344,138.87226008655338,133.91183880440775,137.12729010884627,136095600,-0.024641525905291672,0.434042784679232,155.0597137451172,162.36204345703126,2022,5
134.8823699951172,137.93116906609265,130.00037534307543,136.3528515735585,137426100,0.0017474610535468393,0.4340327728302828,153.9389633178711,161.95806182861327,2022,5
140.29373168945312,140.44077384848245,134.94117272312687,135.07841705772444,117726300,0.04011911782490052,0.4546515025619511,153.06548207600912,161.60731353759766,2022,5
137.5978546142578,139.17617200488684,134.62748321427134,138.03899606760518,104132700,-0.019215948159129193,0.45257828119356286,152.2437505086263,161.24114273071288,2022,5
137.7546844482422,138.99968110716551,135.61757730341805,135.70580258630076,92482700,0.0011397694711450246,0.45026226903421235,151.36492462158202,160.88269958496093,2022,5
140.95057678222656,141.49955424467313,134.44124480454857,134.68632509732035,90601500,0.023199881345488116,0.4535699050522193,150.50322367350262,160.51280807495118,2022,5
146.69522094726562,146.73442720207444,142.40141055796454,142.5288570634857,90978500,0.040756443117751395,0.4661426738825695,149.99974772135417,160.22294662475585,2022,5
145.9109344482422,147.69512536408004,143.95029298038025,146.13641898717157,103718400,-0.005346367072894487,0.46617484528964204,149.47730560302733,159.97197311401368,2022,5
145.78353881835938,148.75391017683245,144.773794451972,146.95010821381516,74286600,-0.000873105434932353,0.46341578430117963,148.87459208170574,159.74827285766602,2022,6
148.23431396484375,148.29313081917098,143.96991252402043,144.920824891666,72348100,0.016811055393146646,0.46710348616602426,148.35911865234374,159.54741821289062,2022,6
142.5190887451172,145.05811684755056,141.61719511269536,144.00916607250292,88570300,-0.0385553457014145,0.4784160822085123,147.6795669555664,159.2892158508301,2022,6
143.2641143798828,145.64630225545608,142.04851092055418,144.13659949613532,71598400,0.005227549806314347,0.47368480793009127,147.1759236653646,159.0102099609375,2022,6
145.78353881835938,146.06782531945106,141.26425852389363,141.50933876771822,67808200,0.017585872424381144,0.4766377527627958,146.72069498697917,158.75199905395507,2022,6
145.04827880859375,146.9206802540853,144.55811838609154,145.6560729457736,53950200,-0.005043505019326822,0.4652103492150559,146.43934427897136,158.5190885925293,2022,6
139.8329620361328,145.03846322934638,139.7251261469218,144.1855888973648,69473000,-0.03595573015618536,0.4758289729601212,145.991655476888,158.2254217529297,2022,6
134.43141174316406,137.9899664897166,134.36278209908923,137.51941663931075,91437900,-0.038628590958210474,0.46456433596085,145.1332239786784,157.90970809936525,2022,6
129.2847442626953,132.53940235521404,128.85340060932865,130.2552525242583,122207100,-0.038284709010581786,0.4655690770447436,144.29868723551434,157.57742950439453,2022,6
130.1473846435547,131.25515193955982,128.8925752102517,130.51011351307002,84784300,0.006672406599703473,0.4664207282991821,143.4827901204427,157.2705924987793,2022,6
132.76486206054688,134.63727870714717,129.55922325217023,131.64729675078482,91533000,0.020111640538616138,0.4703127248471983,142.7045471191406,157.0104608154297,2022,6
127.50051879882812,129.78466802101963,126.50058741056863,129.48077097128098,108123900,-0.03965163055958265,0.4597926058353548,141.5374282836914,156.70540878295898,2022,6
128.97103881835938,130.46113104749855,127.25547692933145,127.51036998343507,134520300,0.011533443419563305,0.43956376528349345,140.7211481730143,156.4330502319336,2022,6
133.19618225097656,134.36276639582726,130.6963761788774,130.7943992837295,81000500,0.03276040474922293,0.4524970756741747,140.02152557373046,156.2038230895996,2022,6
132.6864776611328,135.04904033583404,131.27481276894582,132.13748523532692,73409200,-0.0038267207154881744,0.4442299232074474,139.4754887898763,155.97409408569337,2022,6
135.54896545410156,135.8626603415122,132.9609190593017,134.12750324123766,72433800,0.021573319628539922,0.44659970836744267,138.94480794270834,155.66437423706054,2022,6
138.8722686767578,139.1173489130396,137.01946268880786,137.14689423988725,89116800,0.024517363238611756,0.4289794157316677,138.78665059407552,155.34438293457032,2022,6
138.8722686767578,140.6662578013618,138.19584483125837,139.89179587794544,70207900,0.0,0.421764974814179,138.75724131266276,155.02605331420898,2022,6
134.7352752685547,140.59758868635495,134.6176415748851,139.3329816038879,67083400,-0.02978991736523351,0.4192670013675943,138.44125010172527,154.6543290710449,2022,6
136.49008178710938,137.90174634957765,133.98046254650382,134.75492447437682,66242400,0.013024106085484988,0.4205935032318518,138.23505554199218,154.32889541625977,2022,6
134.0294952392578,135.6470189893978,131.13755113159218,134.54906419941244,98964500,-0.018027584976390232,0.4155760509469278,137.82593587239583,153.98169479370117,2022,6
136.1959991455078,136.30383506160413,132.99036001507756,133.36287185008192,71051600,0.016164381596622146,0.386064474154984,137.76417541503906,153.66330520629882,2022,7
138.77423095703125,138.82324999611623,134.23534018265374,135.05882114715405,73353800,0.01893030505814597,0.38269707980195733,137.90174713134766,153.33966705322266,2022,7
140.1074676513672,141.28384979355582,138.30368070277723,138.5683715462856,74064300,0.00960723532850083,0.3834560912319009,138.07591705322267,153.01516784667967,2022,7
143.46998596191406,143.66604717243726,140.4603932776671,140.47019110271424,66253700,0.023999565240262033,0.3720437427198852,138.18179219563802,152.76501510620116,2022,7
144.1463623046875,144.646335480772,142.14651447587394,142.4013924960781,64547800,0.004714410043596073,0.3671695419479869,138.40007578531902,152.55569122314452,2022,7
142.01907348632812,143.7542455393016,140.95052737444695,142.8033331399919,63141600,-0.01475783907652728,0.3702999305489835,138.54222208658854,152.32274475097657,2022,7
142.98963928222656,145.52866739512638,142.19558156771848,142.89160118673854,77588800,0.0068340524414973736,0.36488046494629595,138.61019083658854,152.06122985839843,2022,7
142.62689208984375,143.56799177024092,139.3232005090592,140.17608985764943,71185600,-0.002536877456322806,0.344630715954766,138.47457987467448,151.79843673706054,2022,7
145.54824829101562,146.01879814456234,140.4309718883509,141.244640047542,78140700,0.02048250619758063,0.34970227928062514,138.46249033610027,151.60078201293945,2022,7
147.2147674560547,147.89119117713278,145.28353435270415,146.83244295612025,76259900,0.011449943126123685,0.3512083854929689,138.51019795735678,151.4352587890625,2022,7
144.17581176757812,148.58725611818477,143.8130828380742,147.77358792071823,81420900,-0.020643008449432343,0.35292455072325707,138.37491455078126,151.268516998291,2022,7
148.02845764160156,148.25392726287154,144.01894870347078,145.0090674390563,82982400,0.026721860115025198,0.34261467276224966,138.55856018066407,151.18190399169922,2022,7
150.02828979492188,150.6949157224323,147.41083503397257,148.1460756395822,64823400,0.013509781735091764,0.3442363835456303,138.7840326944987,151.08915313720703,2022,7
152.29287719726562,152.50854901941838,148.94997891240936,151.45959834271974,65086600,0.015094402565271503,0.3433160717807396,139.00101064046223,150.9983937072754,2022,7
151.05764770507812,153.20455292364784,150.3910366563313,152.33206789895848,66675400,-0.008110881578443752,0.34395298674693303,139.20132293701172,150.89263931274414,2022,7
149.9400634765625,151.9889303599999,149.28325033510924,150.97920113195147,53623900,-0.0073983955496088605,0.32637914958410047,139.53822631835936,150.7945034790039,2022,7
148.61663818359375,150.0773065915356,147.83237855759032,149.2636385384265,55138700,-0.008826362096182594,0.30440717431154085,140.01106719970704,150.65024291992188,2022,7
153.70448303222656,154.2338646113094,149.1656081545016,149.57734107239523,78620700,0.03423469209650354,0.29007145204553025,140.82505849202474,150.5600912475586,2022,7
154.25347900390625,154.53776544520662,151.37133354934207,153.89075014754778,81378700,0.003571762910549392,0.29014313165166067,141.62859497070312,150.50538299560546,2022,7
159.31195068359375,160.40992030893383,156.36119003723385,158.06695385906744,101786900,0.03279324208667855,0.29779002562968915,142.51349792480468,150.5391423034668,2022,7
158.3315887451172,160.37065756874782,157.72379470600367,157.84142840170136,67829400,-0.006153725029854451,0.26715793155780637,143.54120025634765,150.5813053894043,2022,8
156.8611297607422,159.2139087149108,156.48861801917639,156.94937000342367,59907000,-0.009287211705695353,0.27113168072411425,144.4708699544271,150.55482727050781,2022,8
162.86070251464844,163.3116417148104,157.58657171952117,157.67479700322565,82507500,0.03824767017206443,0.2761372000347003,145.45968729654948,150.63170928955077,2022,8
162.5469970703125,163.89984462441896,161.19414951620604,162.7430582477967,55474100,-0.0019262193978791808,0.2755517622176824,146.45503794352214,150.7425538635254,2022,8
162.32122802734375,162.81206933981917,160.01426786699392,160.22042780912037,56697000,-0.0013889462557779009,0.27297548856988796,147.34744669596355,150.8913732910156,2022,8
161.8500213623047,164.7361708864107,161.19229575323052,163.32254540690658,60276900,-0.002902926935469452,0.2684905917023955,148.11337178548177,150.99172439575196,2022,8
161.8990936279297,162.78261696114208,160.25968547297944,161.0155852740051,63135500,0.00030319591688621195,0.2684404648610146,148.8809326171875,151.04851608276368,2022,8
166.1399688720703,166.23812814464867,163.8428202002786,164.60853143111325,70170500,0.026194558283858305,0.25353734633058717,149.9277557373047,151.13763427734375,2022,8
165.40371704101562,167.85792369494868,165.10920924668594,166.94495103045548,57149200,-0.004431515402663955,0.2550544233306782,150.89154357910155,151.18649963378905,2022,8
168.9475555419922,169.01626552422525,166.2970009450499,166.7093207555899,68039400,0.02142538610603162,0.2475409776228396,152.05547892252605,151.25709899902344,2022,8
170.01759338378906,170.21392688656005,168.21130119143814,168.37818541775778,54091700,0.006333550304200353,0.24631317819846857,153.18286539713543,151.304725189209,2022,8
169.8605499267578,170.52810192661653,168.51564947224608,169.61512926108554,56377100,-0.0009236894482840263,0.24505052722577292,154.21907602945964,151.3371743774414,2022,8
171.3527069091797,172.92339013736907,169.4089794863745,169.60531301748716,79542000,0.008784599973715279,0.2449823946132345,155.26058400472004,151.34675994873047,2022,8
170.96002197265625,171.6962839363271,169.94889007422466,170.56735491708034,62290100,-0.002291676295090972,0.24080126864856605,156.17691853841146,151.34605621337892,2022,8
168.37820434570312,170.55754092380556,168.1720444080825,169.86053968443733,70346300,-0.015101879358474068,0.24842788136530924,156.98464660644532,151.31092025756837,2022,8
164.5005645751953,166.74861119438174,164.07843325743647,166.58172694573366,69026800,-0.0230293450721597,0.2552957805470442,157.7340296427409,151.2041174316406,2022,8
164.16676330566406,165.61966421752064,163.59738564765863,164.01951691966545,54147100,-0.002029180084538007,0.2560441033806426,158.43993377685547,151.10562530517578,2022,8
164.4612579345703,165.03063554714507,163.20470561002094,164.25511301062056,53841500,0.0017938748561299178,0.25528125207115465,159.1677459716797,151.04101089477538,2022,8
166.91551208496094,167.0234977835924,165.26629230145085,165.68840868200775,51218200,0.014922992692704806,0.25282589609174533,159.87998809814454,151.00387573242188,2022,8
160.62289428710938,167.91680343416758,160.56399573070382,167.44560000363606,78961000,-0.03769941882123329,0.280080326479343,160.3269256591797,150.86338623046876,2022,8
158.42393493652344,159.91608162954805,156.89251255304256,158.19813716461735,73314000,-0.013690198774872986,0.2756573164320654,160.80186309814454,150.73399368286132,2022,8
155.9991912841797,159.58232691391927,154.83098655063566,159.1602105704912,77906200,-0.015305412362818016,0.2714959144859541,161.0675542195638,150.61197158813476,2022,8
154.34014892578125,157.6386032608909,154.2616125155062,157.37354474862363,87991100,-0.010634942045155915,0.27153500887577575,161.2112828572591,150.47032424926758,2022,8
155.0665740966797,155.51813965771387,151.83683028732437,153.77074600824523,74229900,0.004706650705953219,0.26853050048260513,161.30373942057292,150.35600830078124,2022,9
152.95596313476562,157.42262194968552,152.13135334781393,156.82379496598037,76957800,-0.013610998851358858,0.2705710957091502,161.3670166015625,150.2630699157715,2022,9
151.6994171142578,154.21252227519972,150.87480729194033,153.60388383195894,73714800,-0.008215083575399462,0.2707899943388019,161.425661722819,150.13886947631835,2022,9
153.10321044921875,153.80019664109167,150.7962505650505,151.98409298992328,87449600,0.009253781996430677,0.2704321232268137,161.57521413167316,150.00188552856446,2022,9
151.6306915283203,153.49588236025656,149.88328282837716,151.80738719524012,84923800,-0.009617818702677305,0.25309729292615946,161.50608774820964,149.90019744873047,2022,9
154.48739624023438,154.92916542303703,151.91539245059826,152.62220516793604,68028800,0.018839884479327162,0.25894366113959255,161.51388498942057,149.82922943115236,2022,9
160.4364013671875,161.25119983056848,156.38206187837264,156.66674327917337,104956000,0.038508028950803075,0.26564149697289546,161.5513666788737,149.79494400024413,2022,9
151.02206420898438,157.59933535695706,150.56067213786505,156.97105902298662,122656600,-0.05867955824225157,0.31574541875158385,161.3077158610026,149.66817947387696,2022,9
152.46510314941406,154.22232317214238,150.79624593389804,151.95462406702927,87965400,0.009555153069771283,0.3163679403168447,161.161181640625,149.56377410888672,2022,9
149.5789794921875,152.3964188629796,148.60712326254628,151.81721471946022,90481100,-0.01892973275594867,0.2979843257989875,160.7184575398763,149.47582977294923,2022,9
147.93959045410156,148.577693242223,145.65226780231728,148.44025825358446,162278800,-0.010960022883239162,0.29893986561377583,160.2315439860026,149.36082168579102,2022,9
151.65032958984375,151.72886599832884,146.36888718799335,146.5750321533895,81474200,0.025082799839799774,0.30979746392976065,159.87584737141927,149.34243698120116,2022,9
154.0260009765625,155.18439428665013,150.27598106267698,150.59011171978128,107689800,0.015665454820599667,0.31401361209321976,159.61504669189452,149.35006072998047,2022,9
150.90426635742188,155.8323177224437,150.78646922639234,154.45795295017905,101696800,-0.02026758209229651,0.3186360702384561,159.24855244954426,149.25725982666015,2022,9
149.9422149658203,151.64052177438083,148.14573389948876,149.58880860884872,86652500,-0.006375243157956234,0.30724294860709817,158.70862731933593,149.21347351074218,2022,9
147.6745147705078,148.69547312127722,145.83877299693037,148.4206031759059,96029900,-0.015123827508013221,0.30916290957355463,158.117653910319,149.14397567749023,2022,9
148.00830078125,150.95334879982894,146.89899456754617,146.91863241520423,93339400,0.0022602817504489003,0.3005594179011194,157.4196787516276,149.06293716430665,2022,9
148.9801483154297,151.88593544780034,147.20330517830297,149.9422080635759,84442700,0.006566169120582277,0.3006311821848333,156.7184305826823,148.9275978088379,2022,9
147.09535217285156,147.88070143548975,142.18693800547697,144.935652935065,146691400,-0.012651324111904616,0.3014348042121402,155.95959065755207,148.86395690917968,2022,9
139.8701171875,144.03245634378814,138.103085707034,143.4238179924611,128138200,-0.0491193968988306,0.3248823654010874,154.91017100016276,148.72080947875978,2022,9
135.66854858398438,140.4788028880648,135.47221503631138,138.69213315187477,124925300,-0.030039072591061755,0.3316135572915132,153.7337885538737,148.58681915283202,2022,9
139.8406982421875,140.44935170481597,135.16789396191245,135.67837316238783,114311700,0.03075251929610201,0.34863014562511896,152.78253835042318,148.4705322265625,2022,10
143.42381286621094,143.541609967603,141.61750576224773,142.37340544784647,87830100,0.025622831329245033,0.35633224900540855,152.0799799601237,148.46860046386718,2022,10
143.7183380126953,144.68039782185656,140.39043433471556,141.43103055560152,79471000,0.0020535303071262945,0.3567559420225767,151.39836578369142,148.50823837280274,2022,10
142.76611328125,144.83746445591814,142.55996829483985,143.13915751475957,68402200,-0.006625631388537223,0.35636560903325215,150.6751942952474,148.49374938964843,2022,10
137.52392578125,140.47880029356153,136.8956494527264,139.9290453992253,85925600,-0.03671870992013959,0.3633225516364354,149.69547475179036,148.4422294616699,2022,10
137.84786987304688,139.29094450363405,136.03176603772727,137.84786987304688,74899000,0.00235554715266173,0.3514806208191554,148.93630727132162,148.3576773071289,2022,10
136.4342803955078,138.76087897168102,135.6882068105872,137.3374268338723,77033700,-0.010254706720103313,0.35086982902103897,148.20331878662108,148.34153198242188,2022,10
135.8059539794922,137.78895683135124,135.6292583188671,136.58149154588781,70433700,-0.004605341225051185,0.3494349773529862,147.53021087646485,148.35312072753905,2022,10
140.3708038330078,140.9598044199806,131.90868942611982,132.5173428390662,113224000,0.033613031827786743,0.3656993474214821,147.06456604003907,148.40800506591796,2022,10
135.84523010253906,141.87276009592642,135.65870802953629,141.66660017858484,88598000,-0.032240135461877095,0.37459197207523326,146.4238545735677,148.36352005004883,2022,10
139.8013916015625,140.28240638195203,137.70059190346555,138.4859408048433,85250900,0.02912256467184915,0.38550959683539954,145.98536885579426,148.38555541992187,2022,10
141.1168670654297,144.0128276023933,138.03438444661543,142.82500010106065,99136600,0.009409602070459488,0.3867032357678371,145.6326171875,148.41917724609374,2022,10
141.22486877441406,142.29489928414645,138.90809708603376,139.09461918905455,61758300,0.0007653352234238131,0.38531416590298634,145.2366724650065,148.42192016601564,2022,10
140.7634735107422,143.21768011702426,140.0370229627389,140.40025572638473,64522000,-0.0032670964234272626,0.3847197467114233,144.8744318644206,148.36260269165038,2022,10
144.5724334716797,145.14181130627574,140.0370486455638,140.2530200648689,86548600,0.027059292200876328,0.38933375463313247,144.54393310546874,148.34921768188477,2022,10
146.71246337890625,147.47817461798252,143.3256613631015,144.49386606815804,75981900,0.014802475519275049,0.37369404831764697,144.0864685058594,148.35850692749023,2022,10
149.5495147705078,149.69677613929844,146.62410499116672,147.3407290522299,74732300,0.019337494076931083,0.33894129542874324,144.03738352457682,148.37165893554686,2022,10
146.6143035888672,149.20594507644813,145.32828678897533,148.19481318791426,88194300,-0.019627019092271047,0.3422503032914432,143.84235687255858,148.4126110839844,2022,10
142.14764404296875,146.31979510961392,141.48991849585923,145.35775035197634,109180200,-0.030465373681573094,0.3490444610381022,143.59464569091796,148.40144638061523,2022,10
152.8872528076172,154.61500878306214,145.11232844918345,145.4853576495381,164762400,0.07555249217779547,0.4128209795230802,143.7595677693685,148.4724835205078,2022,10
150.53121948242188,151.41474288743174,149.13723186575905,150.35452378899333,97943200,-0.015410266597961408,0.40932017900115714,143.7222640991211,148.5273129272461,2022,10
147.89048767089844,152.60256746450293,146.39834080336652,152.23934967138234,80379300,-0.017542751733515383,0.4096420754941041,143.5177469889323,148.60788818359376,2022,11
142.3734130859375,149.38262560122348,142.34396380900958,146.22160672381153,93604600,-0.03730513484571174,0.41945160667112286,143.23338521321614,148.68730819702148,2022,11
136.33609008789062,140.1842842462697,136.2084665510831,139.45783369878677,97918500,-0.04240484839962855,0.4356971801864087,142.77984771728515,148.75782165527343,2022,11
136.07058715820312,140.28898493787645,132.1373429796548,139.71866273149064,140814800,-0.0019474148739071495,0.4341304834719759,142.39305013020834,148.81705368041992,2022,11
136.6015625,136.827719829141,133.40580174577732,134.82177198830993,83374600,0.0039022051193144947,0.4343085401611303,142.01282552083333,148.85542068481445,2022,11
137.17190551757812,139.069688836373,135.19545550623369,138.06672226567503,89908500,0.004175230554761322,0.4339390331552989,141.6192174275716,148.95213455200195,2022,11
132.61915588378906,136.23774833279379,132.3438299914245,136.18857977969958,74917800,-0.03319010271535261,0.44216436907851764,141.13667755126954,148.98861572265625,2022,11
144.41893005371094,144.41893005371094,137.17193036207183,138.88289747560535,118854000,0.08897488519879992,0.4951675555878742,141.2883046468099,149.10084320068358,2022,11
147.20166015625,147.50648417895965,141.96061049585242,143.38642351170455,93979700,0.019268458099669816,0.4884281132226421,141.67274169921876,149.24599502563476,2022,11
145.80532836914062,147.77195002505474,144.96950816372413,146.4838152410922,73374100,-0.009485842657122268,0.4825715252813633,141.8715627034505,149.34855865478517,2022,11
147.53599548339844,151.02675299903876,146.0806992107757,149.67962155098414,89868300,0.011869711029189656,0.4783067659769879,142.00863545735677,149.43519592285156,2022,11
146.30682373046875,147.36880131400713,144.83185736513215,146.6411608430867,64218300,-0.008331334661092926,0.4791245445200498,142.09491831461588,149.50954147338868,2022,11
148.20465087890625,148.95196191687904,143.71091192910288,143.98623783804743,80389400,0.012971555940095802,0.4797710250804985,142.2762029012044,149.64423522949218,2022,11
148.76512145996094,150.15159363499748,147.4671586821555,149.76810292744864,74829600,0.0037817340935719646,0.4657588721023764,142.65090942382812,149.7669856262207,2022,11
145.5398712158203,147.8604860232478,145.2547175972566,147.65399909356225,58724100,-0.021680150646122276,0.47123841808299394,142.90730946858724,149.88208938598632,2022,11
147.6736602783203,147.909660354169,144.47789906303868,145.65788443814483,51804100,0.014661199330977981,0.471036076961515,143.28195546468098,149.99686599731444,2022,11
148.54881286621094,149.29612388958984,146.84767388557262,146.95583870512687,58301400,0.005926260554801832,0.47053574047097196,143.70671742757162,150.09461181640626,2022,11
145.63818359375,146.3953372169929,144.66470036386627,145.8348427804778,35195900,-0.019593756532287898,0.46610640785249935,143.88229675292968,150.14991897583008,2022,11
141.81309509277344,144.19270560138654,140.98711756167793,142.71773929408752,69246000,-0.026264324414031703,0.46264121724650675,144.0812255859375,150.13335006713868,2022,11
138.81402587890625,142.39327767480953,138.007718580844,141.8819517027843,83763800,-0.021148041454882693,0.459809715571565,144.0483133951823,150.08002670288087,2022,11
145.5595245361328,146.23801151936658,138.20436253781247,139.04016787618127,111380900,0.0485937830454608,0.48023055320513974,144.19640197753907,150.1154312133789,2022,11
145.83485412597656,146.64117635966434,144.1632284025417,145.7365320270306,71250400,0.0018915257570479849,0.48022736820342316,144.35006815592448,150.1438833618164,2022,12
145.3432159423828,145.53004745802465,143.2192602974079,143.5240993516398,65447400,-0.003371198103088946,0.4802364492943305,144.50272623697916,150.1710466003418,2022,12
144.18292236328125,148.40132070138284,143.33727415278167,145.30389650239576,68826400,-0.007983128566258824,0.47473790337697563,144.4897425333659,150.15739334106445,2022,12
140.52500915527344,144.84174478338647,139.55152565219004,144.61558740538712,64727200,-0.025369947758385636,0.47836107536576367,144.2834940592448,150.09049575805665,2022,12
138.58786010742188,140.97729872796708,137.6635453309665,139.81699890501977,69721100,-0.013785083946951437,0.475745378070429,143.91810557047526,150.03461624145507,2022,12
140.269287109375,141.12477775387197,138.7451672912856,139.9841335639646,62128300,0.01213257063533435,0.4744876086715574,143.70660502115885,149.95702453613282,2022,12
139.78750610351562,143.14060047218985,138.54852454565471,139.96449489513216,76097000,-0.0034346863507169756,0.4663245942138003,143.62793375651043,149.85461669921875,2022,12
142.07859802246094,142.08842573001988,138.70583381716978,140.3184631007223,70462700,0.01638981896743119,0.4111217695145514,143.26764526367188,149.75247390747072,2022,12
143.04225158691406,147.46715106267968,141.83278326469596,147.00499369488003,93886200,0.0067825385235065205,0.40991912221329485,143.01801300048828,149.67231994628906,2022,12
140.81997680664062,144.21239680146076,138.80418622868987,142.9242617747897,82291200,-0.015535792785834057,0.4092724110642963,142.782329305013,149.58111907958985,2022,12
134.22195434570312,139.43350575702271,133.7597969655739,138.75501875197617,98931900,-0.046854307254979966,0.41742352411514194,142.51061401367187,149.43717224121093,2022,12
132.26516723632812,135.35276341025192,131.49818579850947,134.40879318099954,160156900,-0.014578741003391182,0.4012858711129508,142.37491658528646,149.22277908325196,2022,12
130.160888671875,132.94366095306307,129.12842399506934,132.85516655290323,79592600,-0.015909544503831863,0.40369377463082956,142.17792663574218,148.98185317993165,2022,12
130.09205627441406,131.0261987808424,127.72227301817315,129.19723960857664,77432800,-0.0005288255032928069,0.4034138635234748,141.96094309488933,148.68965423583984,2022,12
133.18948364257812,134.52678732015247,130.5345467103143,130.76070405901197,85928000,0.023809504260816627,0.4097028356436281,141.82819569905598,148.43823318481446,2022,12
130.02320861816406,132.31432503613755,128.1254256005218,132.10783812958184,77852100,-0.02377271041091311,0.40407709699392963,141.74166412353514,148.16985397338868,2022,12
129.65940856933594,130.21006041152802,127.47645662054781,128.7350936895975,63814900,-0.002797962399901155,0.30257676911365344,141.249680074056,147.83784103393555,2022,12
127.85994720458984,129.2169213883547,126.57181200307966,129.1874232542848,69007800,-0.013878370915010207,0.2961699341202914,140.60495630900064,147.4909705352783,2022,12
123.93653869628906,128.8432592520272,123.76937760067855,127.50595548300566,85438400,-0.03068520356904969,0.30548743405711126,139.87599665323893,147.10712364196777,2022,12
127.44693756103516,128.30241331797103,125.59831560715067,125.8539710621533,75703700,0.028324164138135766,0.31699344476023805,139.20636138916015,146.7630928039551,2022,12
127.76162719726562,127.78129762399215,125.30335650339804,126.2670048571161,77034200,0.0024691816237620845,0.317456024121418,138.58818817138672,146.42171813964845,2022,12
122.98271179199219,128.71540946850325,122.09773035328112,128.10576142344397,112117500,-0.037404935348034685,0.32704983239013447,137.7474568684896,145.99014556884765,2023,1
124.2511978149414,126.51281646624362,122.99256074022561,124.77235152537197,89113600,0.010314344223395278,0.3292869613594602,136.93032608032226,145.5786203765869,2023,1
122.93355560302734,125.63766124201173,122.67790010774006,125.00834271164995,80962700,-0.010604664060273716,0.3261886153554861,136.1767822265625,145.11848037719727,2023,1
127.45679473876953,128.11561145155684,122.80573689838651,123.90704815865084,87754700,0.036794178070863603,0.34385057025636534,135.50288670857748,144.69287239074708,2023,1
127.97793579101562,131.18353963295718,127.72228030225448,128.29260255023266,70790800,0.004088766340893724,0.34339950440853567,134.81719080607095,144.27404624938964,2023,1
128.54823303222656,129.06938662217883,125.9817909176488,128.0860756971166,63896200,0.00445621534435614,0.3414224765459951,134.2475257873535,143.8460015106201,2023,1
131.26220703125,131.28186245070447,128.28277553296553,129.0595847172529,69458900,0.021112495559103106,0.34210087198893707,133.89582951863608,143.44902336120606,2023,1
131.1835479736328,132.019353473187,129.2464237509339,131.6457054280313,71379600,-0.000599251371710241,0.3374411239547358,133.64148025512696,143.07707679748535,2023,1
132.51097106933594,132.66830441383743,129.4627162913207,129.82653652186355,57809700,0.010118822948514294,0.3044586940044908,133.2065284729004,142.75718086242676,2023,1
133.67129516601562,134.99875596810472,131.8915047175872,132.5798193932039,63646600,0.008756437956163987,0.30605266923002117,132.80107650756835,142.45222618103028,2023,1
132.9534912109375,136.29674271738915,132.7764874230637,134.53662257229425,69672800,-0.0053699184569628855,0.30614453603555414,132.38808568318686,142.13714851379393,2023,1
133.01251220703125,133.9761529962307,131.5375453850544,131.84236946093412,58280400,0.00044392212311383794,0.3058752630375289,132.0157386779785,141.79811851501464,2023,1
135.56910705566406,135.71661273457056,131.98002726434026,133.02233471040634,80223600,0.01922070943712062,0.3042062876408367,131.85054194132488,141.54758064270018,2023,1
138.7550048828125,140.92812862349226,135.5985702195713,135.81489982286553,81760300,0.023500175639869836,0.3097511929077445,131.8561134338379,141.3508913421631,2023,1
140.15133666992188,140.77082749424633,137.95855701188813,137.96838472187488,66435100,0.01006328952450164,0.3091173761587767,131.8521817525228,141.1924127960205,2023,1
139.49252319335938,140.05300275817604,136.49342112366645,138.53871015801215,65799300,-0.0047007291704546095,0.30926692205712514,131.84234898885092,141.0439365386963,2023,1
141.55746459960938,141.8426182007582,139.53183124401355,140.78064047196506,54105100,0.014803240768594073,0.3085747780361205,131.82497787475586,140.9088454437256,2023,1
143.49456787109375,144.77287517943125,140.69214050710963,140.77080718806803,70555800,0.013684218468898113,0.3105232823770536,131.8400550842285,140.81423149108886,2023,1
140.6134796142578,143.12092578303154,140.46598895897412,142.54077586673455,64015300,-0.02007803012741305,0.3128057257170525,131.83317184448242,140.70337211608887,2023,1
141.88194274902344,141.93111130163894,139.9054929686203,140.31848180314623,65874500,0.009020921310285201,0.28006745977770103,132.08850479125977,140.5911594390869,2023,1
143.0029296875,144.16324461699494,138.961535368266,141.56730384751015,77663600,0.007900842889214443,0.2760519109214264,132.44643020629883,140.50488182067872,2023,2
148.30296325683594,148.65694079146772,145.69718026187857,146.4149930473278,118339000,0.037062412503841236,0.2873942312203484,133.05116602579753,140.44303749084472,2023,2
151.92156982421875,154.75351068440185,145.36288637728777,145.55954560277002,154357300,0.02440009618092387,0.2926249328674664,133.7788164774577,140.35788917541504,2023,2
149.19778442382812,150.54493079230497,148.26364190831887,150.02377712562708,69858300,-0.01792889188508373,0.29473978838265197,134.31242650349935,140.33964637756347,2023,2
152.06907653808594,152.63939885505883,148.12600388600742,148.12600388600742,83322600,0.01924487099688621,0.28580514347907454,135.04728876749675,140.3356861114502,2023,2
149.38461303710938,152.0002240332312,148.64712974900903,151.31190929849808,64120100,-0.017652921699068957,0.2926642340720244,135.70479558308918,140.3337424468994,2023,2
148.35215759277344,151.75442098443708,147.90967054867934,151.21359681759392,56007100,-0.006911390827644692,0.2894596156396152,136.38786926269532,140.33786811828614,2023,2
148.71652221679688,149.04151212756338,146.95371454850684,147.19007494553122,57450700,0.0024560790347494255,0.2690454866588325,137.2138687133789,140.30853004455565,2023,2
151.51339721679688,151.91715888947925,148.62788900472555,148.65743217523777,62199000,0.01880675367006468,0.2636139486069364,138.01608403523764,140.283404006958,2023,2
150.87326049804688,151.43461079325414,148.56880303013764,149.8096612758476,61707600,-0.00422495126179534,0.26508429062587435,138.78647181193034,140.28309394836427,2023,2
152.9709014892578,153.1383177826238,150.55811427879883,150.78461690781828,65573800,0.013903331738748248,0.2322778007848264,139.78607813517252,140.31338081359863,2023,2
151.3755340576172,153.95573796607766,151.02100096105386,151.17855953849067,68167900,-0.010429221610834594,0.23773470526610907,140.69022267659506,140.35039100646972,2023,2
150.23313903808594,150.67630162569367,148.55896091432058,150.03617955770974,59144100,-0.007546761282417158,0.23595782437789084,141.600208791097,140.37263938903808,2023,2
146.22491455078125,149.0020922304812,146.1559855092862,147.91879277519925,58867200,-0.02668002887358001,0.23758434176519025,142.22581278483074,140.3450870513916,2023,2
146.64842224121094,147.67262055430007,144.9250004924314,146.60902132895072,51011300,0.0028962758619537343,0.23763601982724705,142.84816233317056,140.3406177520752,2023,2
147.13096618652344,148.05669224456878,145.00378282832062,147.81048914517564,48394200,0.0032904816699548256,0.23766862149039314,143.46758677164715,140.41322624206543,2023,2
144.4818115234375,144.95451719493005,143.50684198813192,144.8757304118409,55469600,-0.01800541878945794,0.2410954551625978,143.90824025472006,140.50135887145996,2023,2
145.67344665527344,146.90446214048941,145.21058363066865,145.46664446890208,44998500,0.008247648055289103,0.24121082562184046,144.3912368774414,140.55968635559083,2023,2
145.17124938964844,146.81588485970732,144.600056198069,144.8167162027043,50547000,-0.003447418024050908,0.2412342519215264,144.81324615478516,140.5771607208252,2023,2
143.10308837890625,144.9939263960711,142.80764165155819,144.60000744430354,55479000,-0.014246354009058049,0.24576483582663236,145.1276392618815,140.57100822448731,2023,3
143.6939697265625,144.48182259076125,141.71448733904464,142.18720807379,52238100,0.004129060765563075,0.2446980019074783,145.48565521240235,140.58028678894044,2023,3
148.73622131347656,148.81500811176437,145.09241829817535,145.79162671403117,70732300,0.035090210093777996,0.26191080807293465,146.00977884928386,140.6924097442627,2023,3
151.49368286132812,153.9261705239575,151.12930710707832,151.4542819528968,87558000,0.018539273913917187,0.2615708010727849,146.54059804280598,140.82886787414552,2023,3
149.29754638671875,151.69063299374776,148.83468341689917,151.3656431408717,56182000,-0.014496554794430905,0.25993033304972973,146.8920160929362,140.95750053405763,2023,3
150.5482635498047,151.1391569879468,149.5240652876753,150.48917721139935,47204800,0.00837734573243587,0.25955381917870757,147.23858032226562,141.10492362976075,2023,3
148.30288696289062,152.19289270805663,147.9483539187185,151.22778082054958,53833600,-0.014914662806265078,0.26367727313699324,147.53225911458333,141.18424446105956,2023,3
146.24462890625,148.64757336129242,145.3681465462101,147.92866457828165,68572400,-0.013878745712857632,0.26484306871824675,147.6884979248047,141.28823844909667,2023,3
148.1847381591797,150.81418573238946,145.45680332509693,145.56513330123872,84457100,0.013266191500088453,0.2646748347856191,147.84483693440754,141.37207191467286,2023,3
150.27252197265625,151.07021762009597,147.82034869008896,148.98242012042218,73695900,0.014089060988412117,0.25926853087822155,148.16680501302082,141.46362846374512,2023,3
150.66647338867188,150.92251923505987,147.64309172837056,148.89380784086057,77167900,0.002621579852684741,0.25849897877724554,148.45962270100912,141.5580445098877,2023,3
153.48300170898438,154.08373780814682,149.33693534803646,149.84904194741503,76161100,0.018693796018220743,0.26245440854260393,148.8089584350586,141.68523979187012,2023,3
152.6459197998047,154.35949876084172,151.93685367986137,153.70951897971963,98944600,-0.005453906294892952,0.2419132612126056,148.95372365315754,141.76597465515135,2023,3
155.0094757080078,155.42311016638172,151.80883520237765,152.71487589238697,73641400,0.015483911468468614,0.23574423322847332,149.05665384928386,141.8489447784424,2023,3
156.8609161376953,156.9790888157361,154.1625247817563,154.93069227015488,73938300,0.011944046783146867,0.2309972568644331,149.3120915730794,141.92205879211426,2023,3
155.4329376220703,159.6774765177441,155.41323716716616,156.88061300312046,75701800,-0.009103469180120616,0.22694115990762304,149.4242202758789,142.0102451324463,2023,3
156.51625061035156,159.09646969740976,155.28523492873595,156.41777837205046,67622100,0.00696964880709694,0.2206501827300398,149.6619415283203,142.15393119812012,2023,3
157.81619262695312,157.90482213956633,155.45264879499626,156.44730394409444,59196500,0.008305476342119755,0.2199266154456463,149.97740936279297,142.20322059631349,2023,3
155.87612915039062,158.3283178086609,155.4723523985585,157.51092158923748,52390300,-0.01229318388860412,0.22387085913526686,150.2160629272461,142.25666969299317,2023,3
155.2556915283203,156.08294548571627,153.61105638332387,155.57083875533723,45992200,-0.0039803247966961885,0.21838294287125212,150.34080607096354,142.33032173156738,2023,3
158.32830810546875,158.60405440029712,156.92987617396892,156.94956160428092,51305700,0.019790685590344026,0.2244877570138366,150.5893076578776,142.48987068176268,2023,3
159.89414978027344,160.00247975071784,158.82070781762587,159.07675364456477,49501700,0.009889840253719084,0.22288839023365858,150.82008260091146,142.72545127868653,2023,3
162.3955841064453,162.49407137264149,159.4510041879724,159.97295363930863,68749800,0.015644314251705538,0.22349885887958218,151.18741760253906,142.98870124816895,2023,3
163.6462860107422,163.76445869825218,161.7259047034759,161.77514833228696,56976200,0.007701575822881335,0.22194165203166366,151.6345225016276,143.25914848327636,2023,4
163.114501953125,164.3061166832112,162.60239523685718,164.06977129650792,46278300,-0.0032495944184293135,0.20446145285311024,152.1975087483724,143.51857444763183,2023,4
161.2728729248047,162.54328933366952,159.34264903941414,162.2379998945446,51511700,-0.011290406470722991,0.20904700734959544,152.68499043782552,143.805111618042,2023,4
162.15924072265625,162.45468749786315,159.53963569062748,159.96309788102116,45390100,0.0054960749553016885,0.20914777654000896,153.1859329223633,143.98251472473146,2023,4
159.5691680908203,159.5691680908203,157.6487867222166,158.96843186504725,47716900,-0.015972402314498924,0.20742144457508818,153.6888448079427,144.10618980407716,2023,4
158.3578643798828,159.89416958590462,158.07226031922266,159.88432686993428,47644200,-0.007591088713629679,0.2092751740627487,154.11165873209634,144.23171516418458,2023,4
157.66845703125,159.59868074602483,157.35330987869057,158.77144201112134,50133100,-0.004353477178620002,0.2095291868002281,154.52823232014973,144.3330397796631,2023,4
163.04556274414062,163.28192316496492,158.9684394039646,159.17525665056672,68445600,0.03410387730137354,0.22176960994543163,155.19298146565754,144.5004271697998,2023,4
162.70086669921875,163.794009087704,161.33197803499354,162.09027277975596,49386500,-0.0021141087136654635,0.22258526670009793,155.82654469807943,144.64538932800292,2023,4
162.72056579589844,162.87813940299813,161.53879379674336,162.58269264644778,41516200,0.00012107554851636948,0.2026561125611526,156.29268951416014,144.7849437713623,2023,4
163.94171142578125,164.86743742961687,163.13415809407996,163.57733566867122,49923000,0.007504556193680623,0.19780613081821505,156.70762379964194,144.9689621734619,2023,4
165.08412170410156,165.60607111909823,163.02585218946155,163.2819130529251,47720200,0.006968393024477493,0.19125517031803932,157.233842976888,145.14306678771973,2023,4
164.11900329589844,165.3204757933169,163.04556123695718,163.56751067945328,52456400,-0.005846221903357929,0.19249404921493316,157.6862009684245,145.2987686920166,2023,4
162.51377868652344,163.9220534848416,161.9918292131701,162.54332186221907,58337300,-0.009780857652912145,0.18889487026650095,158.15989735921224,145.46752464294434,2023,4
162.8190155029297,163.08491902519904,161.4008834202169,162.49402564838778,41949600,0.0018782211506818136,0.18196435837788127,158.7123769124349,145.6775838470459,2023,4
161.28271484375,163.7841314779638,161.24331393654106,162.6811465088041,48714100,-0.009435634126850778,0.18342688447947425,159.14897613525392,145.90227073669433,2023,4
161.2728729248047,162.76979197769046,160.32746143764658,160.58350725145092,45498800,-6.1022775781349736e-05,0.1804815564644021,159.51565450032552,146.05940422058106,2023,4
165.852294921875,166.00001080225775,162.68119712191097,162.68119712191097,64902300,0.028395488429139082,0.19556095693205441,160.0218485514323,146.25957862854003,2023,4
167.10296630859375,167.27039764589344,165.33031595199535,165.93105213681218,55275900,0.007540874772386408,0.1905283772655101,160.47584737141926,146.47717613220215,2023,4
167.01431274414062,167.86125191507637,166.07874407354768,166.70902333840385,52472900,-0.0005305325597236843,0.18918051937454394,160.95479380289714,146.70549003601073,2023,5
165.9803009033203,167.76282424517206,164.99548835131355,167.5067633643402,48425700,-0.006191157056128382,0.18724266983874752,161.32048797607422,146.9600429534912,2023,5
164.90682983398438,168.32412999077732,164.62124085601573,166.9256982160475,65136000,-0.0064674606775246835,0.18664662813295715,161.58868509928385,147.22323265075684,2023,5
163.2720184326172,164.50303376107877,161.8145004912906,162.38569340694187,81235400,-0.009913545745879548,0.18706968180417466,161.84998779296876,147.45325996398927,2023,5
170.9339141845703,171.65282310766082,168.1665784150509,168.3832383689214,113453200,0.046927182168175374,0.22816755778051118,162.33057657877603,147.7647240447998,2023,5
170.86495971679688,171.20965008439242,169.49607101524845,169.86044681233003,55962800,-0.00040339840167102903,0.22781694185285709,162.76553548177083,148.05258766174316,2023,5
169.16122436523438,170.90433143409618,168.99380806621033,170.42178299192224,45326900,-0.009971239008784383,0.2265807004909881,163.2083719889323,148.31377738952636,2023,5
170.92404174804688,171.38690478906514,169.28924951921832,170.39224965147537,53724500,0.010420930620639313,0.22666534904702565,163.73065032958985,148.61481803894043,2023,5
171.11114501953125,171.9383837832071,169.55513971049686,171.2096322648924,49514700,0.0010946574254322439,0.2212631752043549,164.15674489339193,148.9837099456787,2023,5
170.18417358398438,171.65356424240227,168.63587209674515,171.21964497087455,45533100,-0.005417364458878859,0.22137885152450287,164.49974568684897,149.36290000915528,2023,5
169.69107055664062,170.81530899814229,169.09935977781652,170.7659972586019,37266700,-0.0028974670027139826,0.21807256749121162,164.74292856852213,149.75820182800294,2023,5
169.69107055664062,170.74626955321972,169.42479920138675,169.61217478294208,42110300,0.0,0.2173275138513415,164.94442138671874,150.1541919708252,2023,5
170.30247497558594,170.53914722242257,168.06385467134209,169.3360281894031,57951600,0.003603044149227852,0.2169885077505553,165.18402048746745,150.52532188415526,2023,5
172.6298828125,172.8172584115987,170.1940301198803,170.60822168470452,65496700,0.013666318338871442,0.21623239658515694,165.56258748372395,150.95138862609863,2023,5
172.7383575439453,173.95134816577144,172.5213979143073,173.95134816577144,55809500,0.00062836589863835,0.21607893444734252,165.91522471110025,151.38217811584474,2023,5
171.7916259765625,172.2945846931845,171.0519949677244,171.57466634347682,43570900,-0.005480725768403638,0.21047989966174271,166.32263997395833,151.82149490356446,2023,5
169.18812561035156,170.9829707500323,168.9119979039132,170.73642708015296,50747300,-0.015154989956065346,0.21474409520375468,166.68364868164062,152.27401077270508,2023,5
169.46424865722656,170.03623176135926,168.16250594092847,168.72461766792532,45143500,0.0016320474376017025,0.2138326967150092,167.07684173583985,152.694183883667,2023,5
170.598388671875,171.49579632773333,169.31635838771984,170.0264054667032,56058300,0.006692503130512506,0.19229502842580126,167.32860260009767,153.1225514984131,2023,5
173.00462341308594,173.33993425328168,170.71670589408566,170.92380920574092,54835000,0.01410467449278796,0.19530911736117507,167.67206115722655,153.62277061462402,2023,5
174.84878540039062,176.51542312806916,174.1288820495124,174.5134895983742,55964400,0.010659611003003944,0.19675439101538264,168.07633514404296,154.1287464904785,2023,5
174.79945373535156,176.87042648421155,174.3162227478627,174.87834951174753,99625300,-0.00028213902044615935,0.19631756261434305,168.43825988769532,154.64740547180176,2023,5
177.60018920898438,177.62977324467488,174.4838737017158,175.24323239604442,68901800,0.016022564223073354,0.1999438591605054,168.85546213785807,155.1488394165039,2023,6
178.4482879638672,179.2668146743205,176.78165050926717,178.52718373632618,61996900,0.0047753257395737325,0.19844867598712743,169.3331049601237,155.65354293823242,2023,6
177.09722900390625,182.39298156722955,175.57851175717974,180.10506441660397,121946500,-0.007571151146232968,0.19732490460110272,169.81921997070313,156.13903289794922,2023,6
176.73236083984375,177.62976831057978,174.97695616659206,177.4818481362361,64848400,-0.0020602703165640834,0.19783892256826632,170.28299814860026,156.59373443603516,2023,6
175.36158752441406,178.70471906299082,174.86850018805862,175.9730110061888,61944600,-0.007756210062015101,0.19699362991427022,170.7522939046224,157.03551483154297,2023,6
178.0735626220703,178.33981894141047,175.0065588784877,175.44046308150416,50214900,0.015465046455961584,0.20010336021346042,171.31231689453125,157.49114074707032,2023,6
178.45816040039062,179.71059129506313,178.13272098000036,178.99068805786467,48900000,0.002159769101360398,0.18552397331926004,171.73251241048177,157.93900939941406,2023,6
181.2490234375,181.34764691680866,178.468018885392,178.7638742754878,54274900,0.01563875269613768,0.18888627532401245,172.20404764811198,158.4219647216797,2023,6
180.7756805419922,181.60406367252176,179.91771337450308,180.27273686584886,54929100,-0.002611561080609226,0.18929903842929993,172.66275990804036,158.89959640502929,2023,6
181.4068145751953,181.84073380664427,179.50350482104812,180.83483150172444,57462900,0.003491255191577114,0.1874132341667405,173.1769770304362,159.35797348022462,2023,6
183.43832397460938,183.94128262941163,181.23915892536104,181.41667817053525,65433200,0.011198638839292174,0.18662358812788385,173.79469350179036,159.8048066711426,2023,6
182.36341857910156,184.4048073735327,181.7224110612984,184.14839232814637,101256200,-0.005859764591267136,0.18442558220509328,174.4310735066732,160.22692749023437,2023,6
182.4521484375,183.52709013546678,181.8604527350327,181.8604527350327,49799100,0.0004865551385786482,0.13147830732744467,174.8150146484375,160.65652374267577,2023,6
181.41665649414062,182.84660642171352,180.06558727963176,182.3436478270068,49515700,-0.00567541655292747,0.13326434784786728,175.16673787434897,161.0551156616211,2023,6
184.4146270751953,184.46393880857786,181.13066426325057,181.1997036995518,51245300,0.0165253325631185,0.13464294236078622,175.67518463134766,161.4643162536621,2023,6
184.0990753173828,184.96691381940127,182.45216546765664,182.98470820219737,53117000,-0.0017110994003953772,0.13335226840227388,176.11435241699218,161.89917221069337,2023,6
182.7085723876953,185.4501365723536,182.6691169769034,184.24700235631448,48088700,-0.007553014197873131,0.13646993430464754,176.5009333292643,162.30743850708006,2023,6
185.45997619628906,185.78541559077308,183.10301971608257,183.31997931240525,50730800,0.015058974916379197,0.13937978208304774,177.01012674967447,162.73200897216796,2023,6
186.633544921875,187.27455239917202,185.00636283468697,185.33178721386028,51216800,0.006327881355618459,0.13860401115205045,177.5748758951823,163.11531478881835,2023,6
186.9688262939453,187.4422009047134,186.32781886596203,186.4658826988121,46347300,0.0017964689692340219,0.13833956537879943,178.1508010864258,163.46578735351562,2023,6
191.2882537841797,191.79119732203722,188.61571448028383,188.98060924884163,85213200,0.023102393997187276,0.14981077017679664,178.85032704671224,163.88669204711914,2023,6
189.79916381835938,191.19952989799955,189.10882958307744,191.10090642215079,31458200,-0.007784534263668763,0.15058698766281822,179.42263641357422,164.26399291992186,2023,7
188.68479919433594,190.31198136153697,187.98460856583768,188.92148652956726,46920300,-0.0058712831058092,0.15271801365750873,179.95418446858724,164.65699478149415,2023,7
189.15817260742188,189.36527592182694,186.58425595947688,187.21540718494302,45094300,0.0025088052408417383,0.15060710479416325,180.53306935628254,165.06505493164062,2023,7
188.04376220703125,190.0062550438309,187.60985803081866,188.7636804868427,46815000,-0.0058914208412420566,0.14296455769033883,181.16159057617188,165.45832733154296,2023,7
186.00238037109375,187.36330604998784,184.45407912216882,186.6433878022031,59922200,-0.01085588701256679,0.14889204623995464,181.71286163330078,165.80321716308595,2023,7
185.479736328125,186.68287064614393,184.02020200954667,186.54480679233018,46638100,-0.0028098782495472596,0.1494739609802342,182.2089065551758,166.14928192138672,2023,7
187.1463623046875,189.04967210294507,185.86433228601203,187.05759515232103,60750200,0.008985488170061506,0.14683287235250161,182.6802978515625,166.49103652954102,2023,7
187.90570068359375,188.54672319895087,187.15621340871894,187.8662603208446,41342300,0.004057457326742009,0.14494333596330833,183.11552836100262,166.8563381958008,2023,7
188.05364990234375,188.53686585918993,187.00830716161786,187.6000029338883,41616200,0.0007873588625133543,0.1448016424815249,183.55733489990234,167.23454330444335,2023,7
191.3080291748047,191.6334686208352,189.1581605746784,189.2469126832782,50520200,0.017305589517411235,0.14588808775061193,184.014262898763,167.68537445068358,2023,7
191.0515899658203,191.64330071063998,189.75970372238763,190.6768538720752,48288200,-0.001340451888457106,0.146143813567078,184.4343729654948,168.12940612792968,2023,7
192.40267944335938,195.48939585264796,189.9865395225249,190.4303301514657,80507300,0.007071856757542738,0.14367479226622273,184.9445546468099,168.58212326049804,2023,7
190.4599151611328,193.7537348839622,189.8386203157028,192.39280905028917,59581200,-0.010097386833942124,0.1478674953864482,185.40213979085286,169.041904296875,2023,7
189.28634643554688,192.2744541324422,188.58615588066942,191.4164870851642,71951700,-0.006161762303595886,0.1469723971625407,185.86629842122395,169.47803329467774,2023,7
190.08514404296875,192.21528467718613,189.59205676918674,190.73602285584008,45377800,0.004220048738136972,0.14194075789989,186.26668446858724,169.92717224121094,2023,7
190.94313049316406,191.75180092732498,190.25281124926505,190.65714646634552,37283200,0.004513695452188271,0.14209643335876979,186.68285013834637,170.4055726623535,2023,7
191.81097412109375,192.93521264770516,190.64729522856234,190.9924473358141,47471900,0.004545037182999145,0.13657422203974767,187.0349151611328,170.88674270629883,2023,7
190.54864501953125,194.47361545879667,189.88790988625553,193.30993672945922,47460200,-0.006581109904408078,0.13819504163340451,187.36068064371744,171.30486694335937,2023,7
193.12255859375,193.91150122150714,191.45592124266818,191.9785925358936,48291400,0.013507908040778283,0.14225437452960393,187.75120544433594,171.7211557006836,2023,7
193.73399353027344,193.77344894031904,192.56044337061044,193.34938604539337,38824100,0.0031660461676548124,0.1396848987685865,188.09439442952473,172.16552017211913,2023,7
192.90562438964844,194.01013518521242,192.5801849485631,193.52691923606866,35175100,-0.004275806870700505,0.1389980555711094,188.4458012898763,172.58909378051757,2023,8
189.91749572753906,192.48154051645844,189.19759252290805,192.34347668203839,50389300,-0.015490106478563193,0.14785250946051529,188.69464619954428,173.00523986816407,2023,8
188.5269775390625,189.7103839306254,188.05361799200307,188.92145636813592,61235200,-0.00732169610361455,0.14861014956042135,188.93165690104166,173.4280633544922,2023,8
179.4739227294922,184.78940327661547,179.40488328381886,182.95511789971007,115956800,-0.04801994349956906,0.2000714403028081,188.7669667561849,173.74095520019532,2023,8
176.37733459472656,180.59816071157974,174.89807268327345,179.6119861039443,97576100,-0.017253693949916493,0.20566136561210444,188.50957539876302,174.002003326416,2023,8
177.314208984375,177.77771228390873,175.12490000933562,177.20572916857282,67823000,0.00531176180772408,0.20566683364659338,188.32976328531902,174.26848068237305,2023,8
175.72645568847656,178.42856448196,174.56276182695083,178.3693964131728,60378500,-0.008954461715126039,0.20118549679870779,188.00531260172525,174.49091522216796,2023,8
175.50950622558594,178.25107058876787,175.14462641506705,176.9986245515979,54686900,-0.001234586232566115,0.19974659436049655,187.63451131184897,174.71955108642578,2023,8
175.5687713623047,176.38840355314576,174.34427296435433,175.10465717699176,52036700,0.00033767479604529527,0.19955229266164998,187.25450948079427,174.92514404296875,2023,8
177.21788024902344,177.44500246999712,175.09473274674426,175.74649049543365,43675600,0.009392951114954418,0.1881882616515219,186.7854970296224,175.12871368408204,2023,8
175.23300170898438,177.23763842738072,174.8380051896738,176.64514364841483,43622600,-0.011200216012345665,0.1892829738599917,186.29995829264323,175.32671432495118,2023,8
174.36399841308594,176.30937200366554,174.29486573787133,174.91699954220002,46964900,-0.00495913034316231,0.18916392068689775,185.82259826660157,175.50519180297852,2023,8
171.82611083984375,175.29225282363015,171.31260330101006,174.92688028330798,66062900,-0.014555112272831017,0.1916411012532776,185.24486287434897,175.6452909851074,2023,8
172.3099822998047,172.91236175457905,169.81159252872837,170.14734105941557,61172200,0.0028160531457990245,0.19221032614569364,184.72040354410808,175.80962951660158,2023,8
173.6431121826172,173.92949746098708,171.56935789788312,172.88274314562352,46311900,0.007736811675210786,0.19302143046813072,184.3084279378255,175.99350372314453,2023,8
175.01573181152344,175.46010661888187,174.04797988711957,174.84785755399471,42038900,0.007904831995078965,0.19522081812143655,183.95962778727213,176.16037796020507,2023,8
178.85714721679688,179.2817827873095,176.10201110060572,176.28963972003098,52722800,0.021948972046754722,0.20485638873126427,183.68332061767578,176.3500079345703,2023,8
174.17637634277344,178.8374075605793,173.8109887437673,178.41277199096436,54945800,-0.0261704435459309,0.21624068380283193,183.22567647298177,176.46781585693358,2023,8
176.37852478027344,176.91177162464882,173.62338845938785,175.16389608553052,51449600,0.012643209623136586,0.2204647328956643,182.8365056355794,176.5951382446289,2023,8
177.93875122070312,178.33374768816518,176.31924159506977,177.83999456976295,43820700,0.008845898004722352,0.21531750927855223,182.39086303710937,176.74338073730468,2023,8
181.81964111328125,182.58989476243158,177.25736718090633,177.4548654120463,53003900,0.021810256989859056,0.2264033613115241,182.0831314086914,176.94884841918946,2023,8
185.30557250976562,185.5030858470339,182.43194029759772,182.62943856671393,60813900,0.019172468800070286,0.23302713693596014,181.8465611775716,177.18031173706055,2023,8
185.52281188964844,186.75719481874472,185.13768501849643,185.4931879048022,60794500,0.0011723305291930775,0.2315500508538806,181.68199106852214,177.43984817504884,2023,8
187.0929412841797,187.54718572230075,185.92767607044595,187.1225652663115,45766500,0.00846326863278235,0.23246923848015671,181.60887756347657,177.7271989440918,2023,9
187.32997131347656,187.60647191514923,185.26608644093676,185.92771395695013,45280000,0.0012669105935794178,0.2321294078385822,181.51703847249348,178.02381408691406,2023,9
180.62478637695312,186.4905763861184,179.20277485131902,186.04618648324464,81755800,-0.03579344452737376,0.253183258242219,181.1730936686198,178.1996063232422,2023,9
175.34161376953125,175.98350189646143,171.37183427986267,172.99134398653018,112488800,-0.029249433111556478,0.2645982457456474,180.62411499023438,178.32601379394532,2023,9
175.95387268066406,177.98814840122637,175.56874581023814,176.12176201867752,65551300,0.0034918060691375707,0.26497493779072906,180.1376225789388,178.45834686279298,2023,9
177.119140625,178.0473990105972,175.12437356668377,177.82027676778657,58953100,0.0066225762842444524,0.26209244474653176,179.6041753133138,178.59012115478515,2023,9
174.0973663330078,177.87951732730735,172.6358612060169,177.24751388848827,90370200,-0.017060687406958097,0.2646712854827087,178.94962107340496,178.6802536010742,2023,9
172.0334930419922,175.0848841389881,171.80635572558617,174.30474566083996,84267900,-0.011854707135936282,0.26579334508409036,178.2538833618164,178.75939849853515,2023,9
173.54437255859375,173.89987544974738,171.41135521167203,171.82610607332606,60895800,0.008782473051528239,0.2657253314908038,177.70811258951824,178.86970443725585,2023,9
172.82347106933594,174.29486087176767,171.6483512368518,174.27510652680778,109259500,-0.004153989430077387,0.2654219463268577,177.18466237386068,178.96974899291993,2023,9
175.74652099609375,177.13890868226434,173.96900640397726,174.2751309871455,67257600,0.016913500861148068,0.23406861872399132,177.06041564941407,179.11438705444337,2023,9
176.83277893066406,177.38578010579235,174.91701409671836,175.3021409914078,51826900,0.006180821835980899,0.22938161260661916,177.07559712727866,179.26998611450196,2023,9
173.2974853515625,177.45487842056565,173.20859833310675,177.0203732393163,58436200,-0.019992297810847326,0.23609526340752338,176.94170633951822,179.34443801879883,2023,9
171.75698852539062,174.0973890433764,171.68787090976878,172.36925276684747,63149100,-0.008889320136681311,0.23607544147340564,176.80939076741535,179.3909782409668,2023,9
172.60621643066406,174.86761425499944,171.87547142547365,172.48772049861157,56725400,0.004944357214017536,0.23662193477782384,176.71261444091797,179.44689727783202,2023,9
173.880126953125,174.7590070374673,171.97423178505466,172.02361011818323,46172700,0.00738044404659477,0.23770299999183345,176.6563262939453,179.52589553833008,2023,9
169.81161499023438,173.01112622988728,169.5153600429677,172.63588402695854,64588900,-0.023398372397021694,0.2450727905491739,176.40945078531902,179.57494338989258,2023,9
168.3007049560547,170.87809720821267,166.93795639924983,170.4633463371719,66921800,-0.008897565895398696,0.24435478294400256,176.17837422688802,179.62523025512695,2023,9
168.5574493408203,169.88070413963854,165.52579782856736,167.22430983558627,56294400,0.001525509859466423,0.24421738776947186,175.98482259114584,179.60146560668946,2023,9
169.07093811035156,170.9077001905232,168.211797495528,169.87081569769032,51861100,0.0030463724477283183,0.2410436269647834,175.89298350016276,179.583525390625,2023,9
171.5792236328125,172.12235512412923,168.79444856905252,169.0808338409062,52164500,0.014835698852181167,0.24493451352179854,175.86862487792968,179.60770538330078,2023,10
170.24607849121094,171.46072207785286,168.6858318118607,170.1078282132375,49594600,-0.007769851811747053,0.24478722556630766,175.7553904215495,179.60092575073242,2023,10
171.4903564453125,172.03348795172127,168.8339619515459,168.9524578917983,53020300,0.007308702585861804,0.24461449811670685,175.63787790934245,179.60471786499022,2023,10
172.72476196289062,173.25800883188634,170.52261166431626,171.61874445939648,48527900,0.007198104564974495,0.2364169152641239,175.43346506754557,179.63012374877928,2023,10
175.2725067138672,175.76625988669193,171.0163417068709,171.6286058875163,57266700,0.01475031560051554,0.22824719390880568,175.47000274658203,179.68593811035157,2023,10
176.7537384033203,176.81298636382684,173.60359124576962,174.60096707330928,42390800,0.008451021310896367,0.22659618421970337,175.48250986735027,179.75656478881837,2023,10
176.16123962402344,177.4746247468579,175.72673446240606,175.87486944103904,43698000,-0.003352114555817187,0.22529196997795428,175.42325948079426,179.81515243530274,2023,10
177.5536346435547,177.60301297187604,175.3811238107674,175.9736185461729,47551100,0.007904094127079375,0.21691617462579596,175.28105926513672,179.86438995361328,2023,10
178.4522705078125,180.06189553412176,176.80312172309905,177.82026707710477,56743100,0.005061207933376721,0.20940794574717034,175.0526158650716,179.92152908325195,2023,10
176.61550903320312,179.6570151987734,175.91437292525092,179.1533924067404,51427100,-0.010292732445390529,0.2109242657324209,174.75570576985677,179.96976791381837,2023,10
176.4871368408203,176.84263973108403,174.3047411678942,174.54174811745375,52517000,-0.0007268455249798134,0.20880322157081918,174.4021789550781,180.04275802612304,2023,10
174.93675231933594,176.19088966345473,172.61612132571108,174.44299912050275,57549400,-0.008784688500458326,0.20952667215553822,173.98907165527345,180.09748306274415,2023,10
173.6431121826172,175.36137864838344,172.9222367694585,173.3863659573123,54764400,-0.007394901983531099,0.1846426586041679,173.7563491821289,180.12793029785155,2023,10
173.26785278320312,175.61810740546204,173.00122187734726,173.84059314667203,59302900,-0.0021610957941101683,0.16454154700005874,173.68722381591797,180.13056259155275,2023,10
170.72007751464844,173.22833664495803,170.4830706009531,173.1197103596996,64244000,-0.014704258335460074,0.16923944257040005,173.51276397705078,180.0892755126953,2023,10
170.83859252929688,171.8359684831129,167.80694090892598,168.77470794688867,55980100,0.0006942066590747142,0.1678001931169225,173.30341237386068,180.04966690063478,2023,10
171.27308654785156,171.50020876645127,169.3079436842464,170.8879597127696,43816600,0.0025433013239100077,0.16113298148332095,173.20926971435546,179.98639587402343,2023,10
168.96231079101562,170.8978144354766,168.5179209624252,169.73256439395493,57157000,-0.013491762210931735,0.16220215960014683,173.10689697265624,179.89153610229494,2023,10
164.804931640625,169.2388405091802,163.600172706508,168.2414494672427,70625300,-0.02460536394730517,0.17394936788786608,172.81558227539062,179.7686131286621,2023,10
166.11831665039062,166.8490767618186,164.7456834493569,164.82468576422622,58499100,0.00796933075176165,0.17597739919264002,172.59207712809246,179.6624726867676,2023,10
168.16244506835938,169.03145545417337,166.7601878982554,166.90832288755587,51131000,0.012305256031884593,0.17231096196045612,172.33927459716796,179.59048126220702,2023,10
168.63645935058594,168.76482492650203,165.80230595130433,167.23420217717043,44846000,0.002818788000102268,0.17129612687480295,172.0660639444987,179.4961102294922,2023,10
171.79647827148438,172.05322449399938,167.99457285522465,168.86358325166134,56934900,0.01873864603815556,0.1717901589509598,172.01603037516276,179.42949340820311,2023,11
175.3515167236328,175.55888462715336,173.26787764016203,173.32712561259646,77334800,0.020693313902107713,0.18003497559170087,172.13584798177084,179.37051834106444,2023,11
174.44296264648438,174.61085195895754,171.18420427007575,172.06308417750907,79829200,-0.005181330017124286,0.18037807797412986,172.19707285563152,179.30719116210938,2023,11
176.9907684326172,177.1882666996337,174.0085099439187,174.1763842242903,63841300,0.014605380162546533,0.1839817494941227,172.3007609049479,179.2630307006836,2023,11
179.54844665527344,180.1606958893545,176.73404698399966,176.94141491960272,70530000,0.01445091314821867,0.17337774370543807,172.6253219604492,179.22413192749025,2023,11
180.6050262451172,181.15802736111343,179.32126504404005,180.07177947416378,49340300,0.005884649015495791,0.17063648194982797,173.03546600341798,179.2065480041504,2023,11
180.13101196289062,181.81963914926845,179.5385022077218,180.67414339377055,53763500,-0.0026245907552053804,0.17124639379356085,173.42125142415364,179.1833366394043,2023,11
184.31369018554688,184.48180071812672,181.47581782404296,181.91089548671326,66133400,0.02322020054779861,0.18170133151604578,173.9293431599935,179.21230697631836,2023,11
182.73158264160156,183.9478113332898,182.14818998578377,183.7401702602705,43627500,-0.008583776616661654,0.18106011571123032,174.30108846028645,179.19547653198242,2023,11
185.34205627441406,186.0045554032819,184.21481647353394,185.59914075952597,60108400,0.014285837155652015,0.18182725419129508,174.80428771972657,179.20790634155273,2023,11
185.90567016601562,187.3789985945617,185.6782486931539,185.7474724520267,53790500,0.0030409390233971934,0.18134800652854843,175.28479817708333,179.23987731933593,2023,11
187.58663940429688,188.82264852852316,186.5384909930313,187.44820698590362,54412900,0.009042054697848245,0.18181853806827916,175.7801940917969,179.26114395141602,2023,11
187.5668487548828,188.24912816814668,186.4593894684262,188.12057839811112,50922700,-0.0001055013804656113,0.17841308168680284,176.19000549316405,179.2704769897461,2023,11
189.30714416503906,189.76200213676566,187.75472463510502,187.76460727588125,46505100,0.009278267570782317,0.1786758899247123,176.60845235188802,179.29386016845703,2023,11
188.50624084472656,189.37639617894334,187.61632022600733,189.26762676216626,38134500,-0.004230708375243752,0.17893752931036175,177.01995239257812,179.2660400390625,2023,11
189.16873168945312,190.77059476808083,188.69410838615653,189.34672485819107,39617700,0.003514423935026434,0.17819825327374125,177.40712229410806,179.25973571777342,2023,11
187.84373474121094,188.76331834061182,187.13179223741543,188.7336553269539,24048300,-0.007004312691683889,0.1799230845083952,177.720171101888,179.25132507324219,2023,11
187.6657257080078,188.53588093642713,186.78568783853885,187.79427548166112,40552600,-0.0009476442397632345,0.17648304267659745,178.08851165771483,179.23640060424805,2023,11
188.26890563964844,188.9413024556769,187.2800983304318,187.65584993609482,38415400,0.003214118770835661,0.1763070202039031,178.48123728434246,179.23865203857423,2023,11
187.2504425048828,189.93999969621768,186.85492560121705,188.76331653900834,43014200,-0.005409619455243431,0.17474149667288214,178.89169362386068,179.25113265991212,2023,11
187.82395935058594,188.18982834207452,186.08366378848976,187.7151899349547,48794400,0.0030628330594635322,0.17229637414731813,179.36438852945963,179.2745748901367,2023,11
189.09951782226562,189.4159283197641,187.11200544734405,188.19969953750024,45704800,0.006791244717074596,0.1720654032401805,179.8921106974284,179.2941064453125,2023,12
187.30975341796875,187.92282418358675,185.35191925319242,187.85360043262926,43389500,-0.009464669317555185,0.16800947745059633,180.44509989420573,179.28814697265625,2023,12
191.25511169433594,192.22413865175915,188.05137051787239,188.08104861869373,66628400,0.021063282634105063,0.17562156470754225,181.12565053304036,179.32016159057616,2023,12
190.16741943359375,192.58009647341478,189.95976327032974,192.27356863697858,41089700,-0.005687127790239388,0.17775227611649747,181.75546162923177,179.30875549316406,2023,12
192.09559631347656,192.81742141001197,191.42319951100376,191.46276025185608,47477700,0.010139365016498703,0.17113094188299335,182.52657114664714,179.31919555664064,2023,12
193.5194854736328,193.79635031367135,191.50231010992096,192.02637677770835,53406400,0.007412398761253325,0.14761105827237406,183.48372294108074,179.33036361694337,2023,12
191.0177764892578,191.32431940935732,189.2774811684409,190.94856782781682,60943700,-0.012927426807962772,0.15661263523572133,184.31370493570964,179.33594223022462,2023,12
192.53067016601562,192.54055280703432,189.57413099725628,190.9189094878757,52696900,0.007920172167028117,0.1552754011346147,185.1259791056315,179.3683854675293,2023,12
195.7443084716797,195.78385412672148,192.66911702808835,192.90642113434447,70404200,0.01669156557182805,0.1590772446589493,186.02957407633463,179.42497711181642,2023,12
195.89260864257812,197.38570218691584,193.96443748585023,195.80361960949875,66831600,0.0007576218795648515,0.15406925274725675,186.83277842203776,179.47447189331055,2023,12
195.35867309570312,196.1793699091571,194.79504567055722,195.3191123528845,128538400,-0.002725654380606124,0.14739425161442257,187.49968363444012,179.50994888305664,2023,12
193.6974639892578,194.4291868327445,192.21425301938103,193.8952224343076,55751900,-0.008503380372733793,0.14942426647814627,188.1415003458659,179.5414370727539,2023,12
194.73568725585938,194.74556989591903,193.69743670559018,193.96441886720226,40714100,0.005360025088708031,0.14583361452393354,188.73299763997395,179.557568359375,2023,12
192.6493377685547,195.46742966263125,192.6493377685547,194.69616113684165,52242800,-0.010713750092264718,0.1472401129132681,189.16969401041666,179.54672180175783,2023,12
192.5010223388672,194.87416921268178,191.3342368191114,193.90514216040955,46482500,-0.0007698725124385408,0.1471314429751107,189.56622721354168,179.54267578125,2023,12
191.43309020996094,193.22282892375426,190.81013681243016,192.9953923922105,37149600,-0.005547669908091857,0.1481991857166272,189.94296315511068,179.55783172607423,2023,12
190.88926696777344,191.71986154255086,190.67172813799795,191.44299668429173,28919300,-0.0028408006243384465,0.13449827121953228,190.16214904785156,179.58145462036134,2023,12
190.98814392089844,191.33423254727063,188.95120308408815,190.3355425015734,48087700,0.0005179806842765533,0.13129145406576487,190.43736775716147,179.6965968322754,2023,12
191.41334533691406,192.48125917871982,191.0079306668944,191.96707508718282,34049900,0.0022263236203381442,0.12562179651326594,190.6397440592448,179.84695693969726,2023,12
190.37506103515625,192.2241257878035,189.58401220758475,191.72972215657148,42672100,-0.005424304663451118,0.12687785123461595,190.78872375488282,179.97756546020508,2023,12
183.5621795654297,186.33084291740326,181.83176685644636,185.0552730997862,82488700,-0.03578662789486087,0.1630193347110303,190.65457509358723,180.0559226989746,2024,1
182.18772888183594,183.79948946618282,181.37689972544035,182.15806587250447,58414500,-0.007487657244251822,0.16419646686143824,190.47527109781902,180.1227049255371,2024,1
179.87391662597656,181.04070184894312,178.85544644389557,180.11122069139344,71983600,-0.012700154231353733,0.16469267183376146,190.16083017985025,180.16575637817382,2024,1
179.15208435058594,180.71440156415224,178.15339449300276,179.95303087035154,62379700,-0.004012990259680493,0.16466423251091022,189.8490249633789,180.18509841918944,2024,1
183.4830780029297,183.52263874374273,179.46852282651062,180.0519155054874,59144500,0.024174955418706512,0.18042082860084482,189.6595031738281,180.26759918212892,2024,1
183.06776428222656,183.0776469225398,180.68473531069785,181.86141829199212,42841800,-0.002263498766335803,0.1795605054072244,189.50030415852865,180.35463684082032,2024,1
184.1060333251953,184.31367440860302,181.8614365329183,182.2866315170422,46792900,0.0056715011899532985,0.18053410796171407,189.38164774576822,180.47743606567383,2024,1
183.5127410888672,184.9564063690912,181.5647895230864,184.4521049955326,49128400,-0.0032225572710057326,0.1803237894742455,189.22310892740884,180.58946365356445,2024,1
183.83905029296875,184.64987951630312,183.11722519297732,183.97748271061099,40477800,0.001778128331392237,0.17992655146167078,189.1093958536784,180.69142303466796,2024,1
181.57467651367188,182.19761480887055,178.90488492167398,180.1211286782067,65603000,-0.012317153377850554,0.18274230667547076,188.90108642578124,180.75701248168946,2024,1
180.6352996826172,180.88250149305736,178.2819487070673,179.24109293861534,47317400,-0.0051735013333974456,0.18156003074530205,188.6189458211263,180.77479400634766,2024,1
186.51870727539062,187.0229935165519,183.75004409317066,184.00712853391946,78005800,0.03257064152527667,0.20484177468897646,188.5925776163737,180.89821731567383,2024,1
189.4159393310547,189.80157360580037,186.70661676571424,187.21090309791916,68903000,0.01553319824046584,0.20046654774954475,188.531271870931,181.02859146118163,2024,1
191.71981811523438,193.1437028283241,190.10805762916755,190.147618364531,60133900,0.012163067122630267,0.2029163564914303,188.58301849365233,181.16640213012695,2024,1
192.9954071044922,193.55903452389106,191.66052626402544,192.83720939883855,42355600,0.006653401832934724,0.2017028720264009,188.6130121866862,181.27815979003907,2024,1
192.32302856445312,194.18199120084623,192.16481576816378,193.23272951111284,53631300,-0.003483909540267005,0.20080329426703242,188.57313028971353,181.34833435058593,2024,1
191.99667358398438,194.07317453770148,190.9485404677649,193.03492406084294,54822100,-0.0016969105723050326,0.19718901990253904,188.6057601928711,181.4130729675293,2024,1
190.26629638671875,192.58010181757646,189.7916731135176,192.09559590318426,44594000,-0.00901253737872032,0.19756839607909016,188.53028106689453,181.44480651855469,2024,1
189.5840301513672,190.04877081575225,187.45810037105477,189.86089500402176,47145600,-0.0035858491404323622,0.19102959917515766,188.32493845621744,181.4673471069336,2024,1
185.93531799316406,189.65324309628332,185.37170567810733,188.80286821503816,55859400,-0.019245883502370553,0.1981011191495597,187.99302876790364,181.5204524230957,2024,1
182.33604431152344,185.0058358609704,182.28661602120093,184.94649475418208,55467800,-0.01935766545317097,0.2046340470522931,187.55894114176434,181.59039672851563,2024,1
184.76853942871094,184.85752846784007,181.76257176566293,181.93066720224104,64885400,0.013340725506974183,0.20855835385884716,187.2613103230794,181.6785433959961,2024,2
183.7698516845703,185.23328233515724,177.2437171517322,177.84689023760967,102551700,-0.005405074625953521,0.2078190573275191,186.89578247070312,181.7450505065918,2024,2
185.579345703125,187.1317803970082,183.75994390321247,186.0440863383638,69668800,0.00984652271287989,0.2087377605802945,186.66011606852214,181.85987030029298,2024,2
187.18121337890625,187.19109601961685,184.67953227102765,184.76852130142626,43490800,0.008631713134412022,0.210660836604597,186.4827891031901,182.0113475036621,2024,2
187.29000854492188,188.91165203661865,186.49895962721544,188.50623739169367,53439000,0.0005812290883882021,0.21022128659332714,186.34468638102214,182.1488038635254,2024,2
186.2122039794922,187.418535043408,185.2530596605407,187.27021997882892,40962000,-0.005754736057749565,0.21065505385869718,186.18878428141275,182.28269119262694,2024,2
186.9745635986328,188.10324181676,186.1329987846296,186.77653768433356,45155200,0.004094036818470759,0.21109533714959072,186.05499827067058,182.39497161865233,2024,2
185.2914276123047,186.79633688725167,184.93500212895557,186.54881961012742,41781900,-0.009001951676920195,0.2122837892758272,185.85093434651694,182.47955810546875,2024,2
183.20236206054688,184.360756090923,181.68755769129083,183.92512331150874,56529500,-0.01127448570437306,0.21401421017712013,185.61184438069662,182.5786068725586,2024,2
182.32119750976562,183.68749754312392,180.6281880058035,183.47959151637605,54630500,-0.004809788153768646,0.1877176303509002,185.5704783121745,182.68424896240234,2024,2
182.0341033935547,182.65785175424014,179.54903541760635,181.727184392981,65434500,-0.0015746612030428375,0.18648987121196722,185.56535746256512,182.77852783203124,2024,2
180.49949645996094,183.0142804515248,179.86585283584154,181.5984737728991,49752500,-0.008430326543131028,0.1843538602779308,185.58621012369792,182.8447215270996,2024,2
179.75692749023438,180.61828269677792,178.21242224791314,179.98463913307552,53665600,-0.004113966987665751,0.18437405095761344,185.6063715616862,182.9441746520996,2024,2
180.5093994140625,181.0737309260645,178.86588113831095,180.13316833455778,41371400,0.004186052433884591,0.17033316476657456,185.5072489420573,183.06626159667968,2024,2
182.5390167236328,183.12316891523534,180.6479964148563,181.65785591778803,52292200,0.011243831712689278,0.1735782907017433,185.4896240234375,183.20607727050782,2024,2
180.70741271972656,183.20237592421455,180.42028422645075,183.17267506039363,45119700,-0.010034041142444217,0.17505067665583246,185.37633666992187,183.32244201660157,2024,2
179.3609161376953,180.9450175834942,178.85597124394113,180.43019254491847,40867400,-0.007451252617509563,0.17603535361462672,185.23794250488282,183.40025894165038,2024,2
180.81631469726562,182.09349711935678,177.77679547469845,179.30151026553332,54318900,0.008114357302083652,0.17776092997707893,185.1371846516927,183.50596130371093,2024,2
179.6183319091797,181.30144633523983,178.34114943443706,180.69750358801915,48953900,-0.006625413144226933,0.17521804527169554,185.0719731648763,183.5872410583496,2024,2
178.95498657226562,180.75691955299587,177.74710108364005,179.4698267249393,136682600,-0.0036930826038930054,0.17491268472622254,185.01596272786458,183.64954330444337,2024,2
177.8758087158203,178.73716395290236,175.61845249589473,177.76690051629518,73563100,-0.006030443057866486,0.14522629676673363,184.72786610921224,183.6755763244629,2024,3
173.36109924316406,175.14321147352493,172.06409607852763,174.4006596751229,81510100,-0.02538124495540084,0.15169773488865748,184.1927047729492,183.64164993286133,2024,3
168.43055725097656,170.33148818677603,167.93552268101038,169.06420089624305,95132400,-0.0284408786845064,0.16195381439170833,183.41639607747396,183.56434310913085,2024,3
167.4404754638672,169.53943215491887,167.00484265804033,169.36121186741923,68587700,-0.005878278878066467,0.1586568160580942,182.56456502278647,183.46321151733397,2024,3
167.32167053222656,169.0344857697736,166.81674075207243,167.47017484778516,71765100,-0.000709535321800181,0.15904107029846035,181.73118642171224,183.35190551757813,2024,3
169.0345001220703,171.97500667784078,167.2622830078253,167.3216847390924,76267000,0.010236746886374437,0.16458661610952946,180.96578063964844,183.2760954284668,2024,3
171.03443908691406,172.6482565736913,170.34139373001014,171.2225546353428,60139500,0.011831543048309578,0.17026266873251236,180.32471872965496,183.22156845092775,2024,3
171.5096435546875,172.30170175265368,169.3116892312768,171.43043622416553,59825400,0.002778413928272938,0.17122785079900363,179.72223917643228,183.18729736328126,2024,3
169.43052673339844,171.4700666239107,169.06419090034882,171.05423942259554,52488700,-0.012122448500256566,0.16663834863173438,179.17207946777344,183.14517150878908,2024,3
171.28195190429688,172.57893998999515,170.34138929390355,171.19284931228447,72913500,0.01092734117395322,0.16396407762634843,178.8036097208659,183.1253125,2024,3
170.9057159423828,170.9057159423828,168.59885322457814,169.47011882986195,121752700,-0.002196588477251127,0.15735740182059718,178.34151560465494,183.12716888427735,2024,3
171.9947967529297,175.94517770513775,171.7967859641753,173.82643054023092,75604200,0.006372407175158745,0.1591911467352373,177.94901377360026,183.13873092651366,2024,3
174.33135986328125,174.85609525037736,171.31164624406932,172.6086342803731,55215200,0.013585080214420842,0.1619847851576253,177.57408091227214,183.16931365966798,2024,3
176.8956298828125,176.8956298828125,173.3511809805003,173.97492929704185,53423100,0.014709172357413314,0.16635979996292935,177.23122812906902,183.24864685058594,2024,3
169.66810607910156,175.7273381457555,169.1433707597941,175.29170540355622,106181300,-0.04085755995497986,0.20090847533557074,176.64383138020833,183.2972785949707,2024,3
170.56907653808594,171.33143385532912,168.37112227286767,170.05423645695066,71160100,0.0053101934111547955,0.20224565718931062,176.1223937988281,183.34178619384767,2024,3
169.1533203125,170.23249206020807,167.76721443821097,168.87610215909345,54288300,-0.008300192826979469,0.2017419405185623,175.52835235595703,183.35169494628906,2024,3
168.02462768554688,169.71763732680742,167.8959138727621,168.31174106723407,57388400,-0.006672601074977025,0.20127769687245703,174.95279235839843,183.34557662963869,2024,3
171.58885192871094,171.87598039200594,168.42063422483255,168.7176579392829,60273300,0.02121251088164522,0.21167451976965873,174.5656753540039,183.34350036621095,2024,3
169.7770538330078,170.51960569647457,168.81668554767697,170.04437673388762,65672700,-0.010558949927911732,0.21296740622934862,174.1475372314453,183.28775573730468,2024,3
168.34144592285156,169.54933141950085,167.79690490268092,169.48992969134684,46240500,-0.008455841809861475,0.21370039058086465,173.6911153157552,183.22674057006836,2024,4
167.16326904296875,167.65830361021796,166.55932626663449,167.40089107386055,49329500,-0.00699873327940137,0.2133960972111796,173.24657440185547,183.12846557617186,2024,4
167.96522521972656,168.98499523543435,166.9058590852198,167.11376514661308,47691700,0.004797442532376461,0.2143593018772624,172.8535176595052,183.0126333618164,2024,4
167.14346313476562,170.21266810452119,167.14346313476562,168.59885072968464,53704400,-0.004892453684302467,0.21363374115402795,172.40798645019532,182.87801773071288,2024,4
167.8959197998047,168.69787335368648,167.2721714324497,167.90581505219322,42104800,0.004501861161225085,0.21074632937010337,171.91988321940104,182.75566680908204,2024,4
166.77716064453125,167.51971257536823,166.5692545639612,167.35140261724945,37425500,-0.006663408834517326,0.20995160151169623,171.4555414835612,182.58030151367188,2024,4
167.98501586914062,168.39094781013864,166.67813256359855,167.02464767080627,42373800,0.007242329944588732,0.21130687345228444,171.07634480794272,182.43283584594727,2024,4
166.11378479003906,167.4107728345435,165.45044033625643,167.12365945587084,49709300,-0.011139273758554946,0.21059012259954485,170.5862604777018,182.24055313110352,2024,4
173.30166625976562,173.71750852250418,166.49000200344838,166.6682071669761,91070300,0.04327083076706573,0.2487756102425211,170.37570495605468,182.11451309204102,2024,4
174.79669189453125,176.5887144383463,172.47993396851362,172.52942533467058,101670900,0.008626723949235915,0.25020678282537434,170.23709513346355,181.98661361694337,2024,4
170.9750213623047,174.8758957155582,170.78690583147454,173.6185038309996,73531800,-0.021863517500276708,0.25726658008233844,170.00706888834637,181.82069534301758,2024,4
167.69789123535156,172.03438316124112,166.59891404642835,170.0443499195711,73711200,-0.01916730350925777,0.25278061111527517,169.81829528808595,181.6046028137207,2024,4
166.33160400390625,168.95528100035153,166.33160400390625,167.9256158132339,50901200,-0.00814731313184991,0.2401533338289247,169.74833017985026,181.3828564453125,2024,4
165.38113403320312,166.96525061902096,164.89600984807865,166.36130787024413,43122900,-0.005714307731204293,0.24012074915645729,169.6796854654948,181.14498046875,2024,4
163.3614044189453,164.7474951408098,162.4505426435407,164.55939469854349,68149400,-0.012212575672944204,0.24259214980871835,169.54767659505208,180.90015716552733,2024,4
164.19302368164062,165.59891971474525,163.1336578084027,163.8762094876148,48116400,0.005090671604184971,0.24103232240661357,169.38629404703775,180.66543014526368,2024,4
165.24253845214844,165.39105789202225,163.2822057253187,163.70794332424896,49537800,0.006391957142727112,0.23905148487858688,169.19323069254557,180.43516647338868,2024,4
167.34149169921875,167.6187098522012,164.5593998092657,164.8861093338651,48251800,0.01270225734082464,0.24213863241008937,169.05429229736328,180.23607696533202,2024,4
168.2028350830078,168.9156860278579,166.4801094484109,167.84640961058278,50558300,0.005147219467466213,0.24022966838935442,169.01336924235025,180.03986572265626,2024,4
167.6186981201172,169.63843239437367,167.49987955768663,168.19293999888993,44838400,-0.003472812825077276,0.2380849704944579,168.8912607828776,179.82505752563478,2024,4
171.7769775390625,174.28185098854456,171.38095596804143,171.64826373021612,68169400,0.024807968714596784,0.24913114517647816,168.92030283610026,179.6697297668457,2024,4
168.6384735107422,173.2521991943247,168.31174889120035,171.60868084411632,65934800,-0.018270807143562662,0.2540902841292719,168.808425394694,179.44356338500975,2024,4
167.6186981201172,170.99483730573115,167.43058257791944,167.8959162536964,50383100,-0.006047109947067031,0.25096295595146056,168.5846700032552,179.218076171875,2024,5
171.3116455078125,171.69777183075684,169.19289835753364,170.79680537480178,94214900,0.022031834330612066,0.2558434565732811,168.3985371907552,179.01023666381835,2024,5
181.5588836669922,185.14292911827533,180.84603267784937,184.7963988764884,163224100,0.05981635474228386,0.28417647071179925,168.7948964436849,178.89063064575194,2024,5
179.9054412841797,182.37070337959045,178.62824383792136,180.5390848280799,78569700,-0.009106920848032884,0.2859653327476869,169.10610860188802,178.77950729370116,2024,5
180.5885772705078,183.0637497391675,179.5193160584302,181.62815272879564,77305800,0.0037971946898984754,0.2843488244361419,169.4872838338216,178.6600863647461,2024,5
180.9252471923828,181.25197183429347,179.64804949152685,181.03415540635302,45057100,0.0018642924539500338,0.2830724327736769,169.91730448404948,178.51189575195312,2024,5
182.737060546875,182.82616313989396,180.30148392023486,180.74701199258516,48983000,0.010014154368216177,0.27850467814965396,170.28891143798828,178.3803402709961,2024,5
181.4779510498047,183.50042466657956,180.56585391849484,183.3120539854214,50759500,-0.006890279909845254,0.27723898950171755,170.67894134521484,178.2415330505371,2024,5
184.68023681640625,185.49320196467926,183.03448917069318,183.8474543189662,72044800,0.01764559136841215,0.2787005140333033,171.22356770833332,178.1513607788086,2024,5
185.82034301757812,186.6828817403559,184.6901339480471,185.89965779253163,52393600,0.006173406645050283,0.2771061768202425,171.84547017415363,178.0622073364258,2024,5
188.09068298339844,189.01268886802714,185.76085876781028,186.2962297111884,70400000,0.012217930119769127,0.27819913759233805,172.51631876627604,178.01662078857422,2024,5
188.20960998535156,189.458798518541,188.031163125035,188.8342042519463,52845200,0.0006322854490545815,0.27713628200145757,173.21852366129556,177.97370666503906,2024,5
188.23936462402344,189.17129419091543,187.55528802161362,187.88245575005936,41282900,0.0001580930892646215,0.27736866834439783,173.89663848876953,177.9417694091797,2024,5
189.39932250976562,190.27176982167657,187.38675756521698,187.7040166341828,44361300,0.0061621430143423694,0.2755833413150361,174.650710550944,177.9268699645996,2024,5
190.69810485839844,191.07483113273048,189.2803778274553,189.44891605266244,42309400,0.006857375894604001,0.27555100008943983,175.4078135172526,177.9239695739746,2024,5
189.26051330566406,191.16403734183464,188.63593413629764,190.6187578068766,34648500,-0.007538572833756474,0.27398202411361583,176.17937113444012,177.90244125366212,2024,5
185.27508544921875,189.35969818168277,185.02723244112752,189.3398657052663,51005900,-0.021057894152536005,0.257838474453003,176.57848510742187,177.85144149780274,2024,5
188.34841918945312,188.94327235106317,186.4250777783575,187.19839293954828,36327000,0.016587949387705025,0.260539534075139,177.03020935058595,177.89930389404296,2024,5
188.3583526611328,191.34249703943843,187.47599667367734,189.86528785982966,52280100,5.273987285070447e-05,0.2501797865328852,177.60965372721355,177.96101013183593,2024,5
188.65577697753906,190.59895109353056,187.8824768517226,187.98162409974876,53068000,0.0015790343895252246,0.24101098511162006,178.3082499186198,178.04882873535155,2024,5
189.64718627929688,190.52954231443272,188.99286588586446,189.12173915319045,49889100,0.005255122942118273,0.2382348807182345,179.08543599446614,178.15377975463866,2024,5
190.59893798828125,190.9161970579539,188.2790377703441,189.79589676882185,75158300,0.005018538517005622,0.23626308142273447,179.92602945963543,178.2249383544922,2024,5
192.3636474609375,193.31540952983562,190.86662095571478,191.24334718637152,50080500,0.00925875816141608,0.23092624847371354,180.89277089436848,178.3178971862793,2024,6
192.680908203125,193.64257895328527,191.37223723797064,192.96841099700254,47471400,0.0016492759748274466,0.23120259881803837,181.84236704508464,178.4036459350586,2024,6
194.1878662109375,195.20901937445223,193.19645419760306,193.72190135445058,54156800,0.00782100324243773,0.2312903853013305,182.80721130371094,178.5103971862793,2024,6
192.80978393554688,194.81244022862765,192.50244866402238,194.0093990023229,41181800,-0.0070966446167840536,0.23304129201807014,183.6561543782552,178.60010452270507,2024,6
195.1990966796875,195.24867030234284,192.47271383884646,192.97832848334124,53103900,0.012392072100134266,0.2340691809900533,184.5560297648112,178.73634872436523,2024,6
191.4614715576172,195.60558138834554,190.49980075281104,195.20900753042525,97010200,-0.019147758292158423,0.24327238035612953,185.35078887939454,178.84461044311524,2024,6
205.37095642089844,205.3808802210458,191.96707924808354,191.98689659289002,172373300,0.07264900217324088,0.30862054703833797,186.47058817545573,179.03313293457032,2024,6
211.24017333984375,218.30893098905233,205.12314766198512,205.58911253699537,198134300,0.028578612191475727,0.30626858578955524,187.8906448364258,179.25137527465822,2024,6
212.4001007080078,214.888539245905,209.7827737762817,212.8958066808934,97862700,0.005491035866070693,0.303578489935417,189.38335825602215,179.45817810058594,2024,6
210.66514587402344,213.32212283006638,209.48536314811375,212.01346682824212,70122700,-0.008168333386853965,0.30414887085512543,190.6951416015625,179.63487548828124,2024,6
214.80923461914062,217.06965275202606,210.89316027395952,211.53757201804441,93728300,0.019671449341673863,0.26316648065121484,191.8034866333008,179.85973754882812,2024,6
212.44964599609375,216.7523850703462,211.17073132176122,215.7213082393038,79943300,-0.010984577209776192,0.26414210298640745,192.88829345703124,180.06426727294922,2024,6
207.87925720214844,212.40010854906527,207.0563985691976,212.09275812722348,86172500,-0.021512809647276865,0.2756516152321402,193.79798278808593,180.24039688110352,2024,6
205.70809936523438,210.07030649667257,205.33135793131774,208.5831883662621,241805100,-0.010444321699700665,0.2790948353425146,194.62407786051432,180.4016375732422,2024,6
206.35247802734375,210.87331399723786,204.8157865138524,205.93608683303725,80727000,0.003132490476057015,0.278611499029796,195.4112584431966,180.605809173584,2024,6
207.27450561523438,209.5646648210329,206.81844945769743,207.35380525957078,55549700,0.004468216697492089,0.2766187002106791,196.2711435953776,180.8551937866211,2024,6
211.41859436035156,213.01476817493463,208.8310086144187,209.68362348048936,66213200,0.019993239075961844,0.2776637291143824,197.16242218017578,181.1216943359375,2024,6
212.2613067626953,213.88722177256454,210.5263358320774,212.8462361886446,49772700,0.003985989997206119,0.27763261206178325,198.04378763834634,181.40660888671874,2024,6
208.81118774414062,214.2143951724623,208.49394377490637,213.91696855097956,82542700,-0.016254111835897977,0.2830446347663582,198.7344711303711,181.6389273071289,2024,6
214.88853454589844,215.64200216221636,210.10001313722785,210.26855134899324,60402900,0.02910450760523653,0.29229393829202194,199.62376861572267,181.91600051879882,2024,7
218.37831115722656,218.4873670751859,213.25271326862932,214.2936836981781,58046200,0.01623993862074924,0.29388753021469005,200.62840016682944,182.22688354492186,2024,7
219.64730834960938,219.64730834960938,217.14894613859082,218.11061688690268,37369800,0.005811003783563251,0.29387852179475943,201.63666636149088,182.56123458862305,2024,7
224.39617919921875,224.50523511983306,219.74645469045154,219.74645469045154,60412400,0.021620437260495118,0.29772955239464644,202.7599355061849,182.9354507446289,2024,7
225.8634796142578,225.89322076278884,221.3327197032473,225.13973799267995,59085900,0.006538883238900395,0.2951132836831572,203.98003438313802,183.34117126464844,2024,7
226.716064453125,227.42988222637766,224.4259054004998,225.9725055332989,48076100,0.003774779527541572,0.28383478159387904,205.36140034993488,183.77630828857423,2024,7
230.97914123535156,231.07828847688273,227.28117906796422,227.3307526887298,62627700,0.018803593792569462,0.28456349589006674,206.7824244181315,184.26288772583007,2024,7
225.61561584472656,230.39421338925845,223.83107137940016,229.40280147827102,64710600,-0.02322082142109938,0.2971979830602293,208.02433319091796,184.6987028503418,2024,7
228.56007385253906,230.6420447213184,226.71604726605398,226.95399154834826,53046500,0.013050772202926497,0.29750756461499195,209.35447642008464,185.17930862426758,2024,7
232.386962890625,235.1926606193721,231.0882156126273,234.44910163171727,62631300,0.0167434713052943,0.29892197744127796,210.77913564046224,185.70560897827147,2024,7
232.80337524414062,234.2409196318231,230.3347538954296,232.98182214446476,43234300,0.0017918920594164334,0.29925071036572154,212.18595021565756,186.22854873657226,2024,7
226.91436767578125,229.47221227385296,224.69359950369105,227.47946461019197,57345900,-0.02529605750854591,0.31327169745242023,213.33764088948567,186.67230224609375,2024,7
222.2547149658203,228.46096321097224,220.36112971273346,228.3023336745397,66034600,-0.020534850911770874,0.32223783691447333,214.32343444824218,187.08777526855468,2024,7
222.3835906982422,224.85221166233242,221.3624376981624,222.88922042587495,49151500,0.0005798560108913886,0.32236388213012873,215.26329193115234,187.51800201416015,2024,7
222.03663635253906,225.82382229500527,221.17409763275575,225.06043082550624,48201800,-0.0015601616315923383,0.3209960091598143,216.23752034505208,187.9302052307129,2024,7
223.07760620117188,224.9910392063895,220.7676144514488,222.44310313331528,39960300,0.00468827967191876,0.32021118654666864,217.16680399576822,188.36479797363282,2024,7
216.66314697265625,222.86939506256107,215.2652677100796,222.0762625279836,61777600,-0.028754384349682582,0.32754256129074166,218.0068598429362,188.74187957763672,2024,7
215.6221923828125,218.95333716975932,212.77682977395946,217.04981289629316,51391200,-0.004804483846877372,0.25635247291903324,218.34856770833332,189.11934341430663,2024,7
216.08815002441406,217.6050090608147,214.15488466672127,216.8217851678197,41601300,0.002160991113448585,0.24343753229176726,218.51016693115236,189.54661392211915,2024,7
216.36575317382812,217.41664743865044,213.8971319294418,215.09674706599597,36311800,0.0012846754872153365,0.2430487224453122,218.6423553466797,190.02596588134764,2024,7
216.9209442138672,218.43780333279796,214.26395224147618,217.3075942808937,41643800,0.002565983904084135,0.24162054543215802,218.85088195800782,190.52077056884767,2024,7
220.17276000976562,221.89782218872546,218.7352157578384,219.53825698895486,50036300,0.014990787577857878,0.23885734001991005,219.0296661376953,191.04928146362306,2024,7
216.48471069335938,222.55214689360594,215.15622233135366,222.44309097566543,62501000,-0.01675070665527678,0.24192209741642512,219.16416829427084,191.52378356933593,2024,8
217.97181701660156,223.6625266661827,215.8402875210575,217.26790792406092,105568600,0.006869336492536959,0.23305893949429002,219.5005869547526,191.99315734863282,2024,8
207.47279357910156,211.6664621054212,194.3167520967801,197.3802115476467,119548600,-0.048166884972566715,0.2724373814410589,219.55941009521484,192.35278884887694,2024,8
205.4502716064453,208.18657796978488,199.3431861620261,203.53685401433648,69660500,-0.009748372004665495,0.2738804887713505,219.52933654785156,192.71298629760742,2024,8
208.01803588867188,211.8052211847486,204.61748547057303,205.1231000541341,63516400,0.012498227732428147,0.27599971456908107,219.5541208902995,193.08034713745118,2024,8
211.4781036376953,212.36045976406422,207.03658185433542,211.27982425167653,47161100,0.01663349879370668,0.2740781599848628,219.5561045328776,193.4860710144043,2024,8
214.38294982910156,214.91830568661297,210.149616086692,210.27850449568905,42201600,0.01373591942352026,0.27670656545070865,219.62682596842447,193.90995254516602,2024,8
215.91148376464844,217.87674748817912,213.99585104906322,214.46235526228747,38028100,0.007129923050155584,0.27268863418490485,219.8635025024414,194.32575378417968,2024,8
219.62364196777344,220.23902400333975,217.38044783379533,217.38044783379533,44155300,0.017192963238450876,0.26417148171503757,220.0213394165039,194.7530339050293,2024,8
220.0703125,221.37056313371255,218.06533789669703,218.92887503482297,41960600,0.00203379985972596,0.2601637534992125,220.077739461263,195.25705596923828,2024,8
223.04795837402344,223.67327566716008,221.1025352094067,222.9288560878089,46414000,0.013530429616777306,0.26251318390907213,220.19109446207682,195.78184478759766,2024,8
224.3680877685547,225.1422830006272,221.98593577772976,222.25393109506462,44340200,0.005918589903959326,0.2554614140950322,220.19015808105468,196.3339924621582,2024,8
224.20925903320312,224.30852103873067,221.38045847347976,224.0405257400108,40687800,-0.0007078936088067422,0.25474218816592253,220.13501739501953,196.89583877563476,2024,8
224.82464599609375,225.47973889834265,223.7725353535306,224.0901616619868,30299000,0.0027446991508923713,0.25462283967935795,220.07197011311848,197.4281967163086,2024,8
224.71548461914062,226.28373058529078,223.37553826276908,224.8346020684513,34765500,-0.00048554008155765604,0.24820002609798497,219.8631815592448,197.97758102416992,2024,8
222.85934448242188,226.64099309509768,222.23402725992312,226.09508243619032,43695300,-0.008259956539553248,0.24010995269003116,219.77130584716798,198.52276000976562,2024,8
225.15219116210938,226.52192810531062,222.66087229355688,223.98097823318813,38677300,0.010288312949194411,0.23890593397937696,219.65770975748697,199.10264923095704,2024,8
225.4896697998047,225.58893181224732,222.22415556593285,225.07279660900764,30602200,0.0014988911986750786,0.23342867036995513,219.42779998779298,199.6778936767578,2024,8
226.3333282470703,227.14723425887112,223.21669220638537,224.31843379232603,35934600,0.0037414505419013366,0.23369210682511155,219.2121317545573,200.26979232788085,2024,8
224.80479431152344,228.14971479709,224.0008084384826,226.22414704916858,38052200,-0.006753463784521796,0.22274800102039685,219.14181264241537,200.83888107299805,2024,8
228.0802459716797,231.18696212304621,227.1770283167567,228.3879521456165,51906300,0.014570203763614176,0.21810814007023044,219.33599700927735,201.45191192626953,2024,8
227.29611206054688,228.68568922028223,225.78741746908054,228.4772602189495,52990800,-0.003437973805193839,0.21847881285925436,219.49974772135417,202.04502288818358,2024,8
221.1125030517578,227.29614502733148,219.52440165721936,226.84949624301046,50190600,-0.027205080424525185,0.23306408620120506,219.46894327799478,202.59501007080078,2024,9
219.20675659179688,220.1298295937355,215.86182100754215,220.01072730838987,43840200,-0.00861889958124551,0.23391109516292805,219.33991495768228,203.0540609741211,2024,9
220.72535705566406,223.80228200866125,219.87175539355434,219.98093752982143,36615400,0.0069277082854479755,0.21880040177579022,219.4753219604492,203.51334762573242,2024,9
219.17698669433594,223.56409767944487,218.13479623481732,222.28368749781316,48423000,-0.007014918367252432,0.2193777578238918,219.59381510416668,203.99536727905274,2024,9
219.26632690429688,219.6236489368284,215.09757995493325,219.17700018247805,67180000,0.0004076167452997659,0.21933089796347735,219.6997543334961,204.51105163574218,2024,9
218.47227478027344,219.83207646515766,215.1174187834135,217.29112653781655,51591000,-0.0036214047785367853,0.21965468777854974,219.7699717203776,205.03245834350585,2024,9
221.00328063964844,221.43007391385896,216.2687680395375,219.81221238330573,44587100,0.01158502085411306,0.2219646804964226,219.906049601237,205.58867980957032,2024,9
221.1125030517578,221.88669831664953,218.18445530425632,220.84450772306226,37455600,0.0004942117229809195,0.21780169208697808,219.9373743693034,206.16619079589844,2024,9
220.84449768066406,222.37303270856336,220.25889118684435,221.9164638014437,36766600,-0.0012120769626086103,0.2118464774641546,220.08270060221355,206.73270553588867,2024,9
214.71046447753906,215.6037619118882,212.32831274384958,214.9288136198369,59357400,-0.02777534992968067,0.22644641867250478,219.97398885091147,207.2273847961426,2024,9
215.1769561767578,215.2861383219032,212.90400170360138,214.14470101422842,45519300,0.002172654697356613,0.17543301315335005,220.23079427083334,207.70573944091797,2024,9
219.04795837402344,221.05293280374121,215.92138686335736,215.9313221513165,59894900,0.017989854796931715,0.17867713027242277,220.68405049641927,208.2141906738281,2024,9
227.16708374023438,228.11002736409566,222.95864123060412,223.31596324984213,66781300,0.03706551490586163,0.20345094560765184,221.32235209147134,208.8096745300293,2024,9
226.5020751953125,231.3556905514529,225.92638886705737,228.2589097535001,318679900,-0.0029273983447457574,0.19994508759073676,221.82315114339193,209.3569255065918,2024,9
224.7849578857422,227.74278104335218,224.12986496132828,225.64847983003366,54146000,-0.0075810224170778095,0.19895523536699286,222.16988474527994,209.9183903503418,2024,9
225.67825317382812,227.64353192764617,224.05045616714196,226.94872814757065,43556100,0.0039739994014189595,0.19841027144057563,222.49544372558594,210.4989859008789,2024,9
224.68568420410156,225.59883710649478,222.35317851779175,223.2563961324406,42308700,-0.004398159573497096,0.19342468574800648,222.66417846679687,211.0327262878418,2024,9
225.82713317871094,226.7998372114188,223.73283210674714,225.60876888531146,36636700,0.0050802033901389265,0.19379040997929495,222.85607248942057,211.475408782959,2024,9
226.0951385498047,227.81227751628776,225.60879405182706,226.76016679177644,34026000,0.0011867722329081953,0.19008457012650204,222.9576451619466,211.93730575561523,2024,9
231.266357421875,231.266357421875,227.9412771261621,228.3283747151782,54541900,0.022871871130175414,0.20034116567113439,223.18758748372395,212.44408355712892,2024,9
224.52688598632812,227.9412778656533,222.07526286618742,227.81225543239978,63285000,-0.02914159893673063,0.21866543356583695,223.19817504882812,212.88009994506837,2024,10
225.0926513671875,225.67825786117984,221.36063294746157,224.2092739820147,32880600,0.0025198112839539544,0.21864311572964498,223.2071085611979,213.3036558532715,2024,10
223.9908905029297,225.12240767637772,221.65838486968212,223.46483520314058,34044200,-0.004894699394075497,0.21912413579618537,223.18295542399088,213.72878524780273,2024,10
225.1124725341797,226.3035407723517,222.46234078203926,226.20427877531475,37245100,0.005007266271997546,0.21815820734576732,223.2580596923828,214.13310760498047,2024,10
220.04052734375,224.01076551273388,219.68320530273118,222.8296172342201,39505400,-0.022530716016455288,0.22586661424202778,223.0876708984375,214.4753094482422,2024,10
224.0901641845703,224.298593199742,221.58890998571715,222.63110049734397,31855700,0.018404049879838347,0.23249247351635752,223.04102071126303,214.8353042602539,2024,10
227.83209228515625,228.0405364361267,223.15714569962594,223.55416342639623,33591100,0.016698314779687973,0.23733695020397852,223.09097951253256,215.23152908325196,2024,10
227.3358154296875,227.7923994519787,225.47973405841245,226.0851959438118,28183500,-0.00217825702468466,0.23651972406780727,223.17534688313802,215.6224935913086,2024,10
225.85690307617188,227.7030642360917,225.64845893034402,227.59388209213523,31759200,-0.006505408532836432,0.23347797221920194,223.10123545328776,215.98706939697266,2024,10
229.5790252685547,230.00581860221664,226.89911753216435,226.99836439928595,39882100,0.01648000190247667,0.23818311062085698,223.17733256022134,216.37587860107422,2024,10
232.11004638671875,235.7229623804217,230.6410474142004,231.87182665313995,64751400,0.011024618277751363,0.22503110698506287,223.54391733805338,216.80437393188475,2024,10
230.05543518066406,230.3929017691756,228.12986736523644,229.87678174389526,34082200,-0.008851884000882437,0.2251250841215681,223.9055399576823,217.2521774291992,2024,10
230.4226837158203,232.11004699556463,228.8048220166126,231.69315867439417,32993800,0.0015963480057223922,0.2245806700571664,224.2287841796875,217.6729200744629,2024,10
233.25148010253906,234.4226930307779,232.26884075534687,234.4226930307779,46431500,0.012276553423913317,0.22516098868294804,224.69793395996095,218.12185134887696,2024,10
234.72047424316406,235.08773156933626,232.7055796017645,232.7055796017645,36254500,0.006297898474124208,0.22540652304050024,225.21307220458985,218.5824983215332,2024,10
234.10507202148438,234.46239402859047,230.8693336731526,232.14972869721714,38846600,-0.0026218514753091338,0.22519415869200932,225.73416544596355,219.02707717895507,2024,10
229.04302978515625,233.39044533687328,226.0653512199268,232.33833466706656,52287000,-0.021622949868696395,0.23383061173667377,226.00215708414714,219.41151809692383,2024,10
228.8544464111328,229.10258628095696,226.71051430099084,228.26882480795348,31109500,-0.0008233534729275016,0.23390107102066424,226.26022186279297,219.77642608642577,2024,10
229.68817138671875,231.48470145399645,227.8618657494506,228.03059902781462,38802300,0.0036430359499686205,0.23387976100400984,226.5550109863281,220.1464987182617,2024,10
231.66336059570312,232.983466430484,230.8196941830456,231.58396917060392,36087100,0.008599438086251299,0.21762596437052997,227.12010752360027,220.5212536621094,2024,10
231.93138122558594,232.5864741436605,230.59143496071306,231.36563017470797,35417200,0.001156940092700065,0.21766429949791571,227.6785883585612,220.91246963500976,2024,10
228.387939453125,231.7328600109945,227.8420287171323,230.87925826342104,47070900,-0.015277974691205953,0.2185692230884738,227.98992106119792,221.24435806274414,2024,10
224.2291259765625,228.11995749798112,223.69313535160188,227.63359787833264,64370100,-0.01820942684854887,0.19813223539162061,227.8919891357422,221.57203460693358,2024,10
221.25143432617188,223.67328184782377,218.6310779402587,219.32586653780092,65276700,-0.013279682723741582,0.2015411577220474,227.7169677734375,221.73083938598631,2024,11
220.35812377929688,221.13231895883285,218.0752491010658,219.34572401852256,44944500,-0.0040375356191276746,0.2007504911622435,227.56940663655598,221.82201889038086,2024,11
221.7874298095703,222.28370958768312,219.49461965793014,220.14971259990074,28111300,0.006486286984840106,0.20137735861904005,227.43971252441406,221.9158921813965,2024,11
221.0628662109375,224.3879467919736,219.54425129715867,220.95368405362794,54561100,-0.003266928153930704,0.20121376917132489,227.31895192464194,222.01986938476563,2024,11
225.78741455078125,226.18444740932767,222.8990781242877,222.95862926675593,42137700,0.02137196726353663,0.21044295739476798,227.3176279703776,222.12965118408204,2024,11
225.51913452148438,227.2083389148385,224.9726232043034,225.72779283046052,38328800,-0.00118819744594989,0.21044692191178843,227.29842783610027,222.26034606933592,2024,11
222.8064727783203,224.26714170400084,220.0938084143074,223.57158868270503,42005600,-0.012028521433092076,0.20161023606243955,227.0164316813151,222.40961822509766,2024,11
222.8064727783203,224.15783943194586,221.9420008205612,223.12444853772337,40398300,0.0,0.1833310816841955,226.9590845743815,222.58060195922852,2024,11
223.69082641601562,225.2111120360391,221.34580821096,222.58787261698694,48566200,0.003969155952552539,0.18356533711792838,226.9123570760091,222.75398544311523,2024,11
226.77113342285156,227.41700079571672,223.5715745650122,223.5914518391994,44923900,0.013770376980534849,0.18730042673926925,227.00503184000652,222.9489517211914,2024,11
223.5715789794922,225.4793879673537,222.84621765747355,224.96268496170848,47923700,-0.014109178690716706,0.1914329874194993,226.95366872151692,223.0704815673828,2024,11
226.5724334716797,228.28151537171908,223.74052045447314,223.82001439888424,44633700,0.013422343331317421,0.18310001400606496,227.17139892578126,223.21359283447265,2024,11
226.8307647705078,228.6988344551977,225.22105418122663,225.53901477922054,36211800,0.0011401709151894757,0.17555430764095636,227.26275227864582,223.39378860473633,2024,11
227.54620361328125,228.4702922716314,224.45594670445817,226.61216873586113,35169600,0.003154064412282276,0.1689348184793038,227.25322265625,223.52036529541016,2024,11
227.06924438476562,228.69883223369175,224.2770861035494,227.42695953023323,42108300,-0.0020960983788866905,0.16892572592186333,227.2443369547526,223.60727462768554,2024,11
228.41064453125,229.25525429365297,226.6121379068964,226.6121379068964,38168300,0.005907449730230274,0.1685923840439261,227.32946166992187,223.69490798950196,2024,11
231.39163208007812,231.76922452168117,228.2815130321861,229.99059491471002,90152800,0.013051000994046325,0.16602905584675526,227.38988189697267,223.76486251831054,2024,11
233.56771850585938,234.07449047305911,231.84870566104107,231.84870566104107,45986200,0.00940434364985232,0.165185134798421,227.43847096761067,223.84190490722656,2024,11
233.4385223388672,234.19370712659864,232.32563759305353,232.98145117337265,33498400,-0.0005531422228151062,0.16294260512248984,227.55124053955078,223.909129486084,2024,11
235.82330322265625,236.3002516789311,232.48463370489634,233.3192972938568,28481400,0.010215884079009196,0.16532683340289106,227.73126118977865,223.95757110595704,2024,11
238.06895446777344,239.26133321145704,235.654388648958,235.76369091824088,48137100,0.009522601093399752,0.1638553661086575,227.8918436686198,224.0821044921875,2024,12
241.10952758789062,241.21882985808793,237.3833345065081,238.28756099978403,38861000,0.0127718170011486,0.16681345079539706,228.104812113444,224.20759902954103,2024,12
241.46725463867188,242.56027739454964,239.7184333911867,241.32814402991647,44383900,0.001483670323441988,0.1664737901539959,228.3502182006836,224.2984019470215,2024,12
241.49705505371094,242.98753231090083,240.59284370740727,242.4410361127995,40033900,0.0001234138976056176,0.15199803307784543,228.76535237630208,224.3853387451172,2024,12
241.29830932617188,243.07695387436263,240.5431396985891,241.36787220390693,36870600,-0.0008229737107761093,0.15199797589224143,229.18014780680338,224.5291781616211,2024,12
245.1835174560547,245.67041216886827,240.21525975684386,240.29475369946152,44649200,0.016101265444968593,0.15749232591225676,229.69665934244793,224.75846618652344,2024,12
246.19703674316406,246.63424582967986,243.7824557106041,245.32261857013248,36914800,0.004133717052538177,0.15645033645628856,230.18111521402994,224.99660064697267,2024,12
244.9251708984375,249.20780656351602,244.69662013013263,246.3858398593606,45205800,-0.005166048550183766,0.1578406503636215,230.61424153645834,225.22548599243163,2024,12
246.3858184814453,247.1608653940442,244.1202792424049,245.32260415969785,32777500,0.00596364831613605,0.149581698627919,231.21417083740235,225.45856811523439,2024,12
246.5547637939453,247.7073880681415,244.676762972136,246.24673423955153,33155300,0.0006856941423871721,0.1361931794264619,231.95835876464844,225.75748428344727,2024,12
249.44625854492188,249.78411156803347,246.07778066556844,246.41563368868003,51694800,0.011727596362295811,0.12898653230238025,232.89818623860677,226.09572494506835,2024,12
251.8708038330078,252.21858795848058,248.19429593794246,248.4923944509305,51356400,0.009719709977727753,0.12765794306831194,233.9486089070638,226.45355148315429,2024,12
246.4752655029297,252.6657103008961,246.1672359539693,250.55917390522964,56774100,-0.021421849011350358,0.14789832716591161,234.77153676350912,226.7546466064453,2024,12
248.20419311523438,250.400169527173,245.5213371883983,245.92873792847348,60882300,0.007014608986328996,0.14676814723828474,235.676247660319,227.067479095459,2024,12
252.87437438964844,253.38113119374523,244.13023820234332,246.46531011815415,147495300,0.018815883872863592,0.14429141319506725,236.5791463216146,227.39449523925782,2024,12
253.64939880371094,254.02697602810866,251.84094596601008,253.15257310041957,40858800,0.0030648594422948428,0.1435322138595552,237.5168217976888,227.76614212036134,2024,12
256.56085205078125,256.5707679464462,253.6693071300515,253.86804957710976,23234700,0.011478258023877252,0.1367808597735165,238.6419677734375,228.15203247070312,2024,12
257.3756103515625,258.44877099351584,255.99445048269988,256.5508929178466,27237100,0.003175692215973802,0.13613085606704914,239.79427235921224,228.65106063842774,2024,12
253.96739196777344,257.05766400729357,251.45345479939442,256.19316170058187,42355300,-0.013242196411437757,0.14589346042209797,240.8034912109375,229.136231842041,2024,12
250.59889221191406,251.8906421270002,249.15810064436016,250.6287005424076,35557500,-0.013263512806741762,0.15154401849801305,241.59774983723958,229.56204040527345,2024,12
248.83023071289062,251.67207488235135,247.84651017510492,250.83741118103507,39480700,-0.007057738697135996,0.1457393765662865,242.43970489501953,229.9355616760254,2024,12
